{"ID_Board":["3124","3125","3126","3127","3128","3129","3130","3131","3132","3133","3134","3135","3136","3137","3138","3139","3140","3141","3142","3143","3144","3145","3146","3147","3148","3149","3150","3151","3152","3153","3154","3155","3156","3157","3158","3159","3160","3161","3162","3163","3164","3165","3166","3167","3168","3169","3170","3171","3172","3173","3174","3175","3176","3177","3178","3179","3180","3181","3182","3183","3184","3185","3186","3187","3188","3189","3190","3191","3192","3193","3194","3195","3196","3197","3198","3199","3200","3201","3202","3203","3204","3205","3206","3207","3208","3209","3210","3211","3212","3213","3214","3215","3216","3217","3218","3219","3220","3221","3222","3223","3224","3225","3226","3227"],"ID_GBBoard":["3005","3005","3005","3005","3005","3005","3005","3005","3005","3005","3005","3005","3005","3005","3005","3005","3005","3005","3005","3005","3005","3005","3005","3005","3005","3005","3005","3005","3005","3005","3005","3005","3005","3005","3005","3005","3005","3005","3005","3005","3005","3005","3005","3005","3005","3005","3005","3005","3005","3006","3006","3006","3006","3006","3006","3006","3006","3006","3006","3006","3006","3006","3006","3006","3006","3006","3006","3006","3006","3006","3006","3006","3006","3006","3006","3006","3006","3006","3006","3006","3006","3006","3006","3006","3006","3006","3006","3006","3006","3006","3006","3006","3006","3006","3006","3006","3006","3006","3006","3006","3006","3006","3006","3006"],"primaryboard":["1","0","0","0","0","0","0","0","0","0","0","0","0","0","0","0","0","0","0","0","0","0","0","0","0","0","0","0","0","0","0","0","0","0","0","0","0","0","0","0","0","0","0","0","0","0","0","0","0","1","0","0","0","0","0","0","0","0","0","0","0","0","0","0","0","0","0","0","0","0","0","0","0","0","0","0","0","0","0","0","0","0","0","0","0","0","0","0","0","0","0","0","0","0","0","0","0","0","0","0","0","0","0","0"],"Bname":["INICI","PERSONES","EXPRESSIONS","ANIMALS i PLANTES","ACTIVITATS I FESTES","PREGUNTES I PART\u00cdCULES","VERBS","ATRIBUTS","LLOCS","OBJECTES","TRANSPORTS","COS, HIGIENE I SALUT","ROBA I COMPLEMENTS","ALIMENTS I BEGUDES","TEMPS","JOCS I ESPORTS","COLOR, FORMA I MIDA","APARELLS I MOBLES","ESPAI","MONOGR\u00c0FICS","EXPRESSIONS 2","PERSONES 2","MONOGR\u00c0FIC 1","MONOGR\u00c0FIC 2","MONOGR\u00c0FIC 3","MONOGR\u00c0FIC 4","MONOGR\u00c0FIC 5","MONOGR\u00c0FIC 6","MONOGR\u00c0FIC 7","MONOGR\u00c0FIC 8","ANIMALS I PLANTES 2","ATRIBUTS 2","SENSACIONS I SENTIMENTS","COS, HIGIENE I SALUT 2","ROBA I COMPLEMENTS 2","ALIMENTS I BEGUDES 2","ALIMENTS I BEGUDES 3","OBJECTES 2","OBJECTES 3","COLOR, FORMA I MIDA 2","TEMPS 2","LLOCS 2","ACTIVITATS I FESTES 2","TECLAT","SOBRE MI","SOBRE TU","VERBS 2","VERBS 3","VERBS 4","INICI","CONVERSA R\u00c0PIDA","MONOGR\u00c0FICS","M\u00c9S ADJECTIUS","M\u00c9S VERBS","M\u00c9S PART\u00cdCULES","M\u00c9S PERSONES","M\u00c9S VERBS 2","SOBRE TU","MONOGR\u00c0FIC 1","MONOGR\u00c0FIC 3","MONOGR\u00c0FIC 4","MONOGR\u00c0FIC 5","MONOGR\u00c0FIC 6","MONOGR\u00c0FIC 7","MONOGR\u00c0FIC 2","MONOGR\u00c0FIC 8","MONOGR\u00c0FIC 9","ANIMALS","ANIMALS 2","ANIMALS 3","COS, HIGIENE I SALUT","COS, HIGIENE I SALUT 2","ROBA I COMPLEMENTS","ROBA I COMPLEMENTS 2","ROBA I COMPLEMENTS 3","ALIMENTS I BEGUDES","ALIMENTS I BEGUDES 2","ALIMENTS I BEGUDES 3","ALIMENTS I BEGUDES 4","APARELLS I MOBLES","APARELLS I MOBLES 2","TRANSPORTS","TRANSPORTS 2","ESPAI","OBJECTES","OBJECTES 2","OBJECTES 3","OBJECTES 4","JOCS I ESPORTS","JOCS I ESPORTS 2","ACTIVITATS I FESTES","ACTIVITATS I FESTES 2","SENSACIONS I SENTIMENTS","COLOR, FORMA I MIDA","COLOR, FORMA I MIDA 2","TEMPS","TEMPS 2","TEMPS 3","LLOCS","LLOCS 2","LLOCS 3","LLOCS 4","TECLAT","SOBRE MI"],"width":["8","8","8","8","8","8","8","8","8","8","8","8","8","8","8","8","8","8","8","8","8","8","8","8","8","8","8","8","8","8","8","6","6","6","6","6","6","8","8","8","8","8","8","10","8","8","8","8","8","9","9","9","9","9","9","9","9","9","9","9","9","9","9","9","9","9","9","9","9","9","9","9","9","9","9","9","9","9","9","9","9","9","9","9","9","9","9","9","9","9","9","9","9","9","9","9","9","9","9","9","9","9","10","8"],"height":["5","4","4","4","4","4","4","4","4","4","4","4","4","5","4","4","4","4","4","4","4","4","4","4","4","4","4","4","4","4","4","5","5","5","5","5","5","4","4","4","4","4","4","5","4","4","4","4","4","6","6","6","6","6","6","6","6","6","6","6","6","6","6","6","6","6","6","6","6","6","6","6","6","6","6","6","6","6","6","6","6","6","6","6","6","6","6","6","6","6","6","6","6","6","6","6","6","6","6","6","6","6","5","4"],"autoReturn":["0","0","0","0","0","0","0","0","0","0","0","0","0","0","0","0","0","0","0","0","0","0","0","0","0","0","0","0","0","0","0","0","0","0","0","0","0","0","0","0","0","0","0","0","0","0","0","0","0","0","0","0","0","0","0","0","0","0","0","0","0","0","0","0","0","0","0","0","0","0","0","0","0","0","0","0","0","0","0","0","0","0","0","0","0","0","0","0","0","0","0","0","0","0","0","0","0","0","0","0","0","0","0","0"],"autoReadSentence":["0","0","0","0","0","0","0","0","0","0","0","0","0","0","0","0","0","0","0","0","0","0","0","0","0","0","0","0","0","0","0","0","0","0","0","0","0","0","0","0","0","0","0","0","0","0","0","0","0","0","0","0","0","0","0","0","0","0","0","0","0","0","0","0","0","0","0","0","0","0","0","0","0","0","0","0","0","0","0","0","0","0","0","0","0","0","0","0","0","0","0","0","0","0","0","0","0","0","0","0","0","0","0","0"]}