{"patternid":[],"verbid":[],"pronominal":[],"pseudoimpersonal":[],"copulatiu":[],"tipusfrase":[],"defaulttense":[],"verbpeticio":[],"subj":[],"subjdef":[],"theme":[],"themetipus":[],"themedef":[],"themeprep":[],"themeart":[],"receiver":[],"receiverdef":[],"receiverprep":[],"benef":[],"beneftipus":[],"benefdef":[],"benefprep":[],"acomp":[],"acompdef":[],"acompprep":[],"tool":[],"tooldef":[],"toolprep":[],"manera":null,"maneradef":null,"maneratipus":null,"locto":[],"loctotipus":[],"loctodef":[],"loctoprep":[],"locfrom":[],"locfromtipus":[],"locfromdef":[],"locfromprep":[],"locat":[],"locatdef":[],"locatprep":[],"time":[],"expressio":[],"subverb":[],"exemple":[]}