{"ID_RSHPSentencePicto":["1","2","3","4","5","6","7","8"],"ID_RSHPSentence":["1","2","3","4","4","5","6","7"],"pictoid":["1463","1464","1025","215","1485","472","989","1044"],"isplural":["0","0","0","0","0","0","0","0"],"isfem":["0","0","0","0","0","0","0","0"],"coordinated":["0","0","0","0","0","0","0","0"],"ID_RSHPUser":["3","3","3","3","3","3","3","3"],"imgtemp":[null,null,null,null,"img\/pictos\/2f9f28cfa0a707dc80b53aeeedd3b4d9.png",null,null,null],"texttemp":[null,null,null,null,null,null,null,null]}