{"ID_SHistoric":["1","2","3","4","5","6","7"],"ID_SHUser":"3","sentenceType":["defecte","defecte","defecte","defecte","defecte","defecte","defecte"],"isNegative":["0","0","0","0","0","0","0"],"sentenceTense":["defecte","defecte","defecte","defecte","defecte","defecte","defecte"],"sentenceDate":["2023-09-04","2023-09-04","2023-09-05","2023-09-13","2023-09-14","2023-09-14","2023-09-14"],"sentenceFinished":["1","1","1","1","1","1","1"],"intendedSentence":[null,null,null,null,null,null,null],"inputWords":["pip\u00ed<br \/><br \/>{1463} \/ #defecte \/ @defecte \/","caca<br \/><br \/>{1464} \/ #defecte \/ @defecte \/","Porc senglar<br \/><br \/>{2569} \/ #defecte \/ @defecte \/","gos \/ or<br \/><br \/>{215} \/ {1485} \/ #defecte \/ @defecte \/","paci\u00e8ncia<br \/><br \/>{472} \/ #defecte \/ @defecte \/","Mona<br \/><br \/>{2148} \/ #defecte \/ @defecte \/","Fer caca<br \/><br \/>{2667} \/ #defecte \/ @defecte \/"],"inputIds":["{1463} \/ #defecte \/ @defecte \/","{1464} \/ #defecte \/ @defecte \/","{2569} \/ #defecte \/ @defecte \/","{215} \/ {1485} \/ #defecte \/ @defecte \/","{472} \/ #defecte \/ @defecte \/","{2148} \/ #defecte \/ @defecte \/","{2667} \/ #defecte \/ @defecte \/"],"parseScore":[null,null,null,null,null,null,null],"parseString":["+++++++++++BEGIN PATTERN+++++++++++++<br \/><br \/>Score: 90 --> Pattern ID: 1<br \/><br \/>Slot: Main Verb = verbless<br \/><br \/>Slot: Theme = pip\u00ed<br \/><br \/>+++++++++++END PATTERN++++++++++++++<br \/>","+++++++++++BEGIN PATTERN+++++++++++++<br \/><br \/>Score: 90 --> Pattern ID: 1<br \/><br \/>Slot: Main Verb = verbless<br \/><br \/>Slot: Theme = caca<br \/><br \/>+++++++++++END PATTERN++++++++++++++<br \/>","+++++++++++BEGIN PATTERN+++++++++++++<br \/><br \/>Score: 90 --> Pattern ID: 1<br \/><br \/>Slot: Main Verb = verbless<br \/><br \/>Slot: Theme = Porc senglar<br \/><br \/>+++++++++++END PATTERN++++++++++++++<br \/>","+++++++++++BEGIN PATTERN+++++++++++++<br \/><br \/>Score: 97 --> Pattern ID: 1<br \/><br \/>Slot: Main Verb = verbless<br \/><br \/>Slot: Theme = gos --> NC = or<br \/><br \/>+++++++++++END PATTERN++++++++++++++<br \/>","+++++++++++BEGIN PATTERN+++++++++++++<br \/><br \/>Score: 90 --> Pattern ID: 1<br \/><br \/>Slot: Main Verb = verbless<br \/><br \/>Slot: Theme = paci\u00e8ncia<br \/><br \/>+++++++++++END PATTERN++++++++++++++<br \/>","+++++++++++BEGIN PATTERN+++++++++++++<br \/><br \/>Score: 85 --> Pattern ID: 1<br \/><br \/>Slot: Main Verb = verbless<br \/><br \/>Slot: Theme = Mona<br \/><br \/>+++++++++++END PATTERN++++++++++++++<br \/>",null],"generatorScore":[null,null,null,null,null,null,null],"generatorString":["Pip\u00ed.","Caca.","Un Porc senglar.","El gos d'or.","Paci\u00e8ncia.","La Mona.","Fer caca "],"comments":[null,null,null,null,null,null,null],"userScore":[null,null,null,null,null,null,null],"isDeleted":["0","0","0","0","0","0","0"]}