{"ID_Board":["3232","3233","3234","3235","3236","3237","3238","3239","3240","3241","3242","3243","3244","3245","3246","3247","3248","3249","3250","3251","3252","3253","3254","3255","3256","3257","3258","3259","3260","3261","3262","3263","3264","3265","3266","3267","3268","3269","3270","3271","3272","3273","3274","3275","3276","3277","3278","3279","3280","3281","3282","3283","3284","3285","3286","3287","3288","3289","3290","3291","3292","3293","3294","3295","3296","3297","3298","3299","3300","3301","3302","3303","3304","3305","3306","3307","3308","3309","3310","3311","3312","3313","3314","3315","3316","3317","3318","3319","3320","3321","3322","3323","3324","3325","3326","3327","3328","3329","3330","3331","3332","3333","3334","3335"],"ID_GBBoard":["3008","3008","3008","3008","3008","3008","3008","3008","3008","3008","3008","3008","3008","3008","3008","3008","3008","3008","3008","3008","3008","3008","3008","3008","3008","3008","3008","3008","3008","3008","3008","3008","3008","3008","3008","3008","3008","3008","3008","3008","3008","3008","3008","3008","3008","3008","3008","3008","3008","3009","3009","3009","3009","3009","3009","3009","3009","3009","3009","3009","3009","3009","3009","3009","3009","3009","3009","3009","3009","3009","3009","3009","3009","3009","3009","3009","3009","3009","3009","3009","3009","3009","3009","3009","3009","3009","3009","3009","3009","3009","3009","3009","3009","3009","3009","3009","3009","3009","3009","3009","3009","3009","3009","3009"],"primaryboard":["1","0","0","0","0","0","0","0","0","0","0","0","0","0","0","0","0","0","0","0","0","0","0","0","0","0","0","0","0","0","0","0","0","0","0","0","0","0","0","0","0","0","0","0","0","0","0","0","0","1","0","0","0","0","0","0","0","0","0","0","0","0","0","0","0","0","0","0","0","0","0","0","0","0","0","0","0","0","0","0","0","0","0","0","0","0","0","0","0","0","0","0","0","0","0","0","0","0","0","0","0","0","0","0"],"Bname":["INICI","PERSONES","EXPRESSIONS","ANIMALS i PLANTES","ACTIVITATS I FESTES","PREGUNTES I PART\u00cdCULES","VERBS","ATRIBUTS","LLOCS","OBJECTES","TRANSPORTS","COS, HIGIENE I SALUT","ROBA I COMPLEMENTS","ALIMENTS I BEGUDES","TEMPS","JOCS I ESPORTS","COLOR, FORMA I MIDA","APARELLS I MOBLES","ESPAI","MONOGR\u00c0FICS","EXPRESSIONS 2","PERSONES 2","MONOGR\u00c0FIC 1","MONOGR\u00c0FIC 2","MONOGR\u00c0FIC 3","MONOGR\u00c0FIC 4","MONOGR\u00c0FIC 5","MONOGR\u00c0FIC 6","MONOGR\u00c0FIC 7","MONOGR\u00c0FIC 8","ANIMALS I PLANTES 2","ATRIBUTS 2","SENSACIONS I SENTIMENTS","COS, HIGIENE I SALUT 2","ROBA I COMPLEMENTS 2","ALIMENTS I BEGUDES 2","ALIMENTS I BEGUDES 3","OBJECTES 2","OBJECTES 3","COLOR, FORMA I MIDA 2","TEMPS 2","LLOCS 2","ACTIVITATS I FESTES 2","TECLAT","SOBRE MI","SOBRE TU","VERBS 2","VERBS 3","VERBS 4","INICI","CONVERSA R\u00c0PIDA","MONOGR\u00c0FICS","M\u00c9S ADJECTIUS","M\u00c9S VERBS","M\u00c9S PART\u00cdCULES","M\u00c9S PERSONES","M\u00c9S VERBS 2","SOBRE TU","MONOGR\u00c0FIC 1","MONOGR\u00c0FIC 3","MONOGR\u00c0FIC 4","MONOGR\u00c0FIC 5","MONOGR\u00c0FIC 6","MONOGR\u00c0FIC 7","MONOGR\u00c0FIC 2","MONOGR\u00c0FIC 8","MONOGR\u00c0FIC 9","ANIMALS","ANIMALS 2","ANIMALS 3","COS, HIGIENE I SALUT","COS, HIGIENE I SALUT 2","ROBA I COMPLEMENTS","ROBA I COMPLEMENTS 2","ROBA I COMPLEMENTS 3","ALIMENTS I BEGUDES","ALIMENTS I BEGUDES 2","ALIMENTS I BEGUDES 3","ALIMENTS I BEGUDES 4","APARELLS I MOBLES","APARELLS I MOBLES 2","TRANSPORTS","TRANSPORTS 2","ESPAI","OBJECTES","OBJECTES 2","OBJECTES 3","OBJECTES 4","JOCS I ESPORTS","JOCS I ESPORTS 2","ACTIVITATS I FESTES","ACTIVITATS I FESTES 2","SENSACIONS I SENTIMENTS","COLOR, FORMA I MIDA","COLOR, FORMA I MIDA 2","TEMPS","TEMPS 2","TEMPS 3","LLOCS","LLOCS 2","LLOCS 3","LLOCS 4","TECLAT","SOBRE MI"],"width":["8","8","8","8","8","8","8","8","8","8","8","8","8","8","8","8","8","8","8","8","8","8","8","8","8","8","8","8","8","8","8","6","6","6","6","6","6","8","8","8","8","8","8","10","8","8","8","8","8","9","9","9","9","9","9","9","9","9","9","9","9","9","9","9","9","9","9","9","9","9","9","9","9","9","9","9","9","9","9","9","9","9","9","9","9","9","9","9","9","9","9","9","9","9","9","9","9","9","9","9","9","9","10","8"],"height":["5","4","4","4","4","4","4","4","4","4","4","4","4","5","4","4","4","4","4","4","4","4","4","4","4","4","4","4","4","4","4","5","5","5","5","5","5","4","4","4","4","4","4","5","4","4","4","4","4","6","6","6","6","6","6","6","6","6","6","6","6","6","6","6","6","6","6","6","6","6","6","6","6","6","6","6","6","6","6","6","6","6","6","6","6","6","6","6","6","6","6","6","6","6","6","6","6","6","6","6","6","6","5","4"],"autoReturn":["0","0","0","0","0","0","0","0","0","0","0","0","0","0","0","0","0","0","0","0","0","0","0","0","0","0","0","0","0","0","0","0","0","0","0","0","0","0","0","0","0","0","0","0","0","0","0","0","0","0","0","0","0","0","0","0","0","0","0","0","0","0","0","0","0","0","0","0","0","0","0","0","0","0","0","0","0","0","0","0","0","0","0","0","0","0","0","0","0","0","0","0","0","0","0","0","0","0","0","0","0","0","0","0"],"autoReadSentence":["0","0","0","0","0","0","0","0","0","0","0","0","0","0","0","0","0","0","0","0","0","0","0","0","0","0","0","0","0","0","0","0","0","0","0","0","0","0","0","0","0","0","0","0","0","0","0","0","0","0","0","0","0","0","0","0","0","0","0","0","0","0","0","0","0","0","0","0","0","0","0","0","0","0","0","0","0","0","0","0","0","0","0","0","0","0","0","0","0","0","0","0","0","0","0","0","0","0","0","0","0","0","0","0"]}