{"patternid":["1247","1248","1249","1250","1251","1252","1253","1254","1255","1256","1257"],"verbid":["2185","2186","2187","2187","2188","2189","2190","2191","2192","2193","2201"],"pronominal":["0","0","0","0","1","0","0","0","1","0","0"],"pseudoimpersonal":["0","0","0","0","0","0","0","0","0","0","0"],"copulatiu":["0","0","0","0","0","0","0","0","0","0","0"],"tipusfrase":["enunciativa","enunciativa","enunciativa","enunciativa","enunciativa","enunciativa","enunciativa","enunciativa","enunciativa","enunciativa","enunciativa"],"defaulttense":["present","present","present","present","present","present","present","present","present","present","present"],"verbpeticio":[null,null,null,null,null,null,null,null,null,null,null],"subj":["human","human","animate","animate","human","human","human","animate","animate","animate","human"],"subjdef":["1","1","1","1","1","1","1","1","1","1","1"],"theme":["opt","opt","","","","opt","","","opt","opt","opt"],"themetipus":["objecte","menjar","","","","objecte","","","cos","inanimate","noun"],"themedef":["","","","","","","","","","",""],"themeprep":["","","","","","","","","","a",""],"themeart":[null,null,null,null,null,null,null,null,null,null,null],"receiver":["","","","","","","1","1","1","1",""],"receiverdef":["","","","","","","tu","tu","mi","tu",""],"receiverprep":["","","","","","","a","","a","a",""],"benef":["","opt","","","","","","","","",""],"beneftipus":["","animate","","","","","","","","",""],"benefdef":[null,null,null,null,null,null,null,null,null,null,null],"benefprep":["","per","","","","","","","","",""],"acomp":["","","","","","","","","","",""],"acompdef":[null,null,null,null,null,null,null,null,null,null,null],"acompprep":["","","","","","","","","","",""],"tool":["","","","","","","","","","","opt"],"tooldef":[null,null,null,null,null,null,null,null,null,null,null],"toolprep":["","","","","","","","","","","amb"],"manera":null,"maneradef":null,"maneratipus":null,"locto":["opt","opt","1","1","opt","","","opt","","","opt"],"loctotipus":["noun","lloc","lloc","verb","lloc","","","lloc","","","lloc"],"loctodef":[null,null,null,null,null,null,null,null,null,null,null],"loctoprep":["a","a","a","de","a","","","a","","","a"],"locfrom":[null,null,null,null,null,null,null,null,null,null,null],"locfromtipus":[null,null,null,null,null,null,null,null,null,null,null],"locfromdef":[null,null,null,null,null,null,null,null,null,null,null],"locfromprep":[null,null,null,null,null,null,null,null,null,null,null],"locat":[null,null,null,null,null,null,null,null,null,null,null],"locatdef":[null,null,null,null,null,null,null,null,null,null,null],"locatprep":[null,null,null,null,null,null,null,null,null,null,null],"time":[null,null,null,null,null,null,null,null,null,null,null],"expressio":[null,null,null,null,null,null,null,null,null,null,null],"subverb":["0","0","0","1","0","0","0","0","0","0","0"],"exemple":["","","","","","","","","","",""]}