{"ID_RSHPSentencePicto":["9","10","11","12","13","14","15","16"],"ID_RSHPSentence":["8","9","10","11","11","12","13","14"],"pictoid":["1463","1464","2135","215","1485","472","2099","2154"],"isplural":["0","0","0","0","0","0","0","0"],"isfem":["0","0","0","0","0","0","0","0"],"coordinated":["0","0","0","0","0","0","0","0"],"ID_RSHPUser":["4","4","4","4","4","4","4","4"],"imgtemp":[null,null,null,null,"img\/pictos\/2f9f28cfa0a707dc80b53aeeedd3b4d9.png",null,null,null],"texttemp":[null,null,null,null,null,null,null,null]}