{"ID_SSentence":["16","17","18","19","20","21","22","23","24","25","26","27","28","29","30"],"ID_SSUser":["4","4","4","4","4","4","4","4","4","4","4","4","4","4","4"],"ID_SFolder":["2","2","2","2","2","2","2","2","2","2","2","2","2","2","2"],"inputWords":[null,null,null,null,null,null,null,null,null,null,null,null,null,null,null],"inputIds":[null,null,null,null,null,null,null,null,null,null,null,null,null,null,null],"posInFolder":["1","3","2","4","5","6","7","8","9","10","11","12","13","14","15"],"sentenceType":["defecte","defecte","defecte","defecte","defecte","defecte","defecte","defecte","defecte","defecte","defecte","defecte","defecte","defecte","defecte"],"isNegative":["0","0","0","0","0","0","0","0","0","0","0","0","0","0","0"],"sentenceTense":["defecte","defecte","defecte","defecte","defecte","defecte","defecte","defecte","defecte","defecte","defecte","defecte","defecte","defecte","defecte"],"sentenceDate":[null,null,null,null,null,null,null,null,null,null,null,null,null,null,null],"sentenceFinished":["0","0","0","0","0","0","0","0","0","0","0","0","0","0","0"],"intendedSentence":[null,null,null,null,null,null,null,null,null,null,null,null,null,null,null],"parseScore":[null,null,null,null,null,null,null,null,null,null,null,null,null,null,null],"parseString":[null,null,null,null,null,null,null,null,null,null,null,null,null,null,null],"generatorString":["Em dic...","Tinc X anys.","El meu aniversari \u00e9s el dia...","Visc a...","Vaig a...","M'agrada...","La meva fam\u00edlia...","Tinc X animals.","Les meves necessitats s\u00f3n...","A la tele miro...","No m'agrada...","De m\u00fasica escolto...","El meu color preferit \u00e9s el...","El meu esport preferit \u00e9s...","El meu menjar preferit \u00e9s..."],"generatorScore":[null,null,null,null,null,null,null,null,null,null,null,null,null,null,null],"comments":[null,null,null,null,null,null,null,null,null,null,null,null,null,null,null],"userScore":[null,null,null,null,null,null,null,null,null,null,null,null,null,null,null],"isPreRec":["1","1","1","1","1","1","1","1","1","1","1","1","1","1","1"],"sPreRecText":["Em dic...","Tinc X anys.","El meu aniversari \u00e9s el dia...","Visc a...","Vaig a...","M'agrada...","La meva fam\u00edlia...","Tinc X animals.","Les meves necessitats s\u00f3n...","A la tele miro...","No m'agrada...","De m\u00fasica escolto...","El meu color preferit \u00e9s el...","El meu esport preferit \u00e9s...","El meu menjar preferit \u00e9s..."],"sPreRecDate":["2023-09-14","2023-09-14","2023-09-14","2023-09-14","2023-09-14","2023-09-14","2023-09-14","2023-09-14","2023-09-14","2023-09-14","2023-09-14","2023-09-14","2023-09-14","2023-09-14","2023-09-14"],"sPreRecImg1":["img\/pictos\/f22caa661961c215efaa5ca3d5a25aa8.png","img\/users\/7072_500.png","img\/pictos\/98ac29b2b196596ff8852b49cb52e1aa.png","img\/pictos\/5ac600b2e830b98ed3b086311c480682.png","img\/pictos\/b210ac3118ca38f3851352f8635291e9.png","img\/pictos\/2a90b92027f42d12077be0bb8823a748.png","img\/pictos\/22ab1b2d64fa4603a89b05c6ae62de8f.png","img\/users\/6901_500.png","img\/pictos\/ayudar.png","img\/pictos\/9ed8a8240cbe5519ec908131d15a7b1d.png","img\/pictos\/2c12eb3a146fcdfb17d6ddfc069a037b.png","img\/pictos\/musica_2.png","img\/pictos\/colores.png","img\/pictos\/deporte.png","img\/pictos\/alimentos_y_bebida.png"],"sPreRecImg2":[null,null,null,null,null,null,null,null,null,null,null,null,null,null,null],"sPreRecImg3":[null,null,null,null,null,null,null,null,null,null,null,null,null,null,null],"sPreRecPath":[null,null,null,null,null,null,null,null,null,null,null,null,null,null,null],"isDeleted":["0","0","0","0","0","0","0","0","0","0","0","0","0","0","0"]}