{"ID_Board":["3124","3125","3126","3127","3128","3129","3130","3131","3132","3133","3134","3135","3136","3137","3138","3139","3140","3141","3142","3143","3144","3145","3146","3147","3148","3149","3150","3151","3152","3153","3154","3155","3156","3157","3158","3159","3160","3161","3162","3163","3164","3165","3166","3167","3168","3169","3170","3171","3172","3173","3174","3175","3176","3177","3178","3179","3180","3181","3182","3183","3184","3185","3186","3187","3188","3189","3190","3191","3192","3193","3194","3195","3196","3197","3198","3199","3200","3201","3202","3203","3204","3205","3206","3207","3208","3209","3210","3211","3212","3213","3214","3215","3216","3217","3218","3219","3220","3221","3222","3223","3224","3225","3226","3227"],"ID_GBBoard":["3005","3005","3005","3005","3005","3005","3005","3005","3005","3005","3005","3005","3005","3005","3005","3005","3005","3005","3005","3005","3005","3005","3005","3005","3005","3005","3005","3005","3005","3005","3005","3005","3005","3005","3005","3005","3005","3005","3005","3005","3005","3005","3005","3005","3005","3005","3005","3005","3005","3006","3006","3006","3006","3006","3006","3006","3006","3006","3006","3006","3006","3006","3006","3006","3006","3006","3006","3006","3006","3006","3006","3006","3006","3006","3006","3006","3006","3006","3006","3006","3006","3006","3006","3006","3006","3006","3006","3006","3006","3006","3006","3006","3006","3006","3006","3006","3006","3006","3006","3006","3006","3006","3006","3006"],"primaryboard":["1","0","0","0","0","0","0","0","0","0","0","0","0","0","0","0","0","0","0","0","0","0","0","0","0","0","0","0","0","0","0","0","0","0","0","0","0","0","0","0","0","0","0","0","0","0","0","0","0","1","0","0","0","0","0","0","0","0","0","0","0","0","0","0","0","0","0","0","0","0","0","0","0","0","0","0","0","0","0","0","0","0","0","0","0","0","0","0","0","0","0","0","0","0","0","0","0","0","0","0","0","0","0","0"],"Bname":["INICIO","PERSONAS","EXPRESIONES","ANIMALES Y PLANTAS","ACTIVIDADES Y FIESTAS","PREGUNTAS Y PART\u00cdCULAS","VERBOS","ATRIBUTOS","LUGARES","OBJETOS","TRANSPORTES","CUERPO, HIGIENE Y SALUD","ROPA Y COMPLEMENTOS","ALIMENTOS Y BEBIDAS","TIEMPO","JUEGOS Y DEPORTES","COLOR, FORMA Y TAMA\u00d1O","APARATOS Y MUEBLES","ESPACIO","MONOGR\u00c1FICOS","EXPRESIONES 2","PERSONAS 2","MONOGR\u00c1FICO 1","MONOGR\u00c1FICO 2","MONOGR\u00c1FICO 3","MONOGR\u00c1FICO 4","MONOGR\u00c1FICO 5","MONOGR\u00c1FICO 6","MONOGR\u00c1FICO 7","MONOGR\u00c1FICO 8","ANIMALES Y PLANTAS 2","ATRIBUTOS 2","SENSACIONES Y SENTIMIENTOS","CUERPO, HIGIENE Y SALUD 2","ROPA Y COMPLEMENTOS 2","ALIMENTOS Y BEBIDAS 2","ALIMENTOS Y BEBIDAS 3","OBJETOS 2","OBJETOS 3","COLOR, FORMA Y TAMA\u00d1O 2","TIEMPO 2","LUGARES 2","ACTIVIDADES Y FIESTAS 2","TECLADO","SOBRE M\u00cd","SOBRE TI","VERBOS 2","VERBOS 3","VERBOS 4","INICIO","CONVERSACI\u00d3N R\u00c1PIDA","MONOGR\u00c1FICOS","M\u00c1S ADJETIVOS","M\u00c1S VERBOS","M\u00c1S PART\u00cdCULAS","M\u00c1S PERSONAS","M\u00c1S VERBOS 2","SOBRE TI","MONOGR\u00c1FICO 1","MONOGR\u00c1FICO 3","MONOGR\u00c1FICO 4","MONOGR\u00c1FICO 5","MONOGR\u00c1FICO 6","MONOGR\u00c1FICO 7","MONOGR\u00c1FICO 2","MONOGR\u00c1FICO 8","MONOGR\u00c1FICO 9","ANIMALES","ANIMALES 2","ANIMALES 3","CUERPO, HIGIENE Y SALUD","CUERPO, HIGIENE Y SALUD 2","ROPA Y COMPLEMENTOS","ROPA Y COMPLEMENTOS 2","ROPA Y COMPLEMENTOS 3","ALIMENTOS Y BEBIDAS","ALIMENTOS Y BEBIDAS 2","ALIMENTOS Y BEBIDAS 3","ALIMENTOS Y BEBIDAS 4","APARATOS Y MUEBLES","APARATOS Y MUEBLES 2","TRANSPORTES","TRANSPORTES 2","ESPACIO","OBJETOS","OBJETOS 2","OBJETOS 3","OBJETOS 4","JUEGOS Y DEPORTES","JUEGOS Y DEPORTES 2","ACTIVIDADES Y FIESTAS","ACTIVIDADES Y FIESTAS 2","SENSACIONES Y SENTIMIENTOS","COLOR, FORMA Y TAMA\u00d1O","COLOR, FORMA Y TAMA\u00d1O 2","TIEMPO","TIEMPO 2","TIEMPO 3","LUGARES","LUGARES 2","LUGARES 3","LUGARES 4","TECLADO","SOBRE M\u00cd"],"width":["8","8","8","8","8","8","8","8","8","8","8","8","8","8","8","8","8","8","8","8","8","8","8","8","8","8","8","8","8","8","8","6","6","6","6","6","6","8","8","8","8","8","8","10","8","8","8","8","8","9","9","9","9","9","9","9","9","9","9","9","9","9","9","9","9","9","9","9","9","9","9","9","9","9","9","9","9","9","9","9","9","9","9","9","9","9","9","9","9","9","9","9","9","9","9","9","9","9","9","9","9","9","10","8"],"height":["5","4","4","4","4","4","4","4","4","4","4","4","4","5","4","4","4","4","4","4","4","4","4","4","4","4","4","4","4","4","4","5","5","5","5","5","5","4","4","4","4","4","4","5","4","4","4","4","4","6","6","6","6","6","6","6","6","6","6","6","6","6","6","6","6","6","6","6","6","6","6","6","6","6","6","6","6","6","6","6","6","6","6","6","6","6","6","6","6","6","6","6","6","6","6","6","6","6","6","6","6","6","5","4"],"autoReturn":["0","0","0","0","0","0","0","0","0","0","0","0","0","0","0","0","0","0","0","0","0","0","0","0","0","0","0","0","0","0","0","0","0","0","0","0","0","0","0","0","0","0","0","0","0","0","0","0","0","0","0","0","0","0","0","0","0","0","0","0","0","0","0","0","0","0","0","0","0","0","0","0","0","0","0","0","0","0","0","0","0","0","0","0","0","0","0","0","0","0","0","0","0","0","0","0","0","0","0","0","0","0","0","0"],"autoReadSentence":["0","0","0","0","0","0","0","0","0","0","0","0","0","0","0","0","0","0","0","0","0","0","0","0","0","0","0","0","0","0","0","0","0","0","0","0","0","0","0","0","0","0","0","0","0","0","0","0","0","0","0","0","0","0","0","0","0","0","0","0","0","0","0","0","0","0","0","0","0","0","0","0","0","0","0","0","0","0","0","0","0","0","0","0","0","0","0","0","0","0","0","0","0","0","0","0","0","0","0","0","0","0","0","0"]}