SET SQL_MODE = "NO_AUTO_VALUE_ON_ZERO";

-- JOCOMUNICO 3.1

UPDATE `Content` SET `content` = 'Velocitat de la veu' WHERE `Content`.`idString` = 1111 AND `Content`.`tagString` = 'voiceRate' AND `Content`.`ID_CLanguage` = 1;

UPDATE `Content` SET `content` = 'Velocidad de la voz' WHERE `Content`.`idString` = 1111 AND `Content`.`tagString` = 'voiceRate' AND `Content`.`ID_CLanguage` = 2;

UPDATE `Content` SET `content` = '<p>En aquest menú pots escollir la veu que vols fer servir perquè l\'aplicació <b>llegeixi en veu alta les frases generades</b>. També pots modificar el <b>percentatge de velocitat de lectura</b> de la veu. Les veus que hi apareixen són les veus que tinguis disponibles al teu ordinador.</p> <p><b>NOTA</b>: A la secció Windows de l\'apartat de Descàrregues, pots aprendre com instal·lar més veus per a Windows.</p>' WHERE `Content`.`idString` = 1092 AND `Content`.`tagString` = 'popYourVoiceLocal' AND `Content`.`ID_CLanguage` = 1;

UPDATE `Content` SET `content` = '<p>En este menú puedes escoger la voz que quieres usar para que la aplicación <b>lea en voz alta las frases generadas</b>. También puedes modificar el <b>porcentaje de velocidad de lectura</b> de la voz. Las voces que aparecen en el listado son las voces que tengas instaladas en tu ordenador.</p><p><b>NOTA</b>: En la sección Windows del apartado de Descargas, puedes aprender a instalar más voces para Windows.</p>' WHERE `Content`.`idString` = 1092 AND `Content`.`tagString` = 'popYourVoiceLocal' AND `Content`.`ID_CLanguage` = 2;

UPDATE `Content` SET `content` = '<p>En aquest menú pots escollir la veu que vols fer servir perquè l\'aplicació <b>llegeixi en veu alta les frases generades</b>. També pots modificar el <b>percentatge de velocitat de lectura</b> de la veu.</p>' WHERE `Content`.`idString` = 2376 AND `Content`.`tagString` = 'popYourVoiceServer' AND `Content`.`ID_CLanguage` = 1;

UPDATE `Content` SET `content` = '<p>En este menú puedes escoger la voz que quieres usar para que la aplicación <b>lea en voz alta las frases generadas</b>. También puedes modificar el <b>porcentaje de velocidad de lectura</b> de la voz.</p>' WHERE `Content`.`idString` = 2376 AND `Content`.`tagString` = 'popYourVoiceServer' AND `Content`.`ID_CLanguage` = 2;

INSERT INTO `Content` (`idString`, `tagString`, `ID_CLanguage`, `content`, `section`) VALUES 
('11039', 'voiceRateFooter', '1', '*La velocitat estàndard és 100.', 'userConfig'), 
('11039', 'voiceRateFooter', '2', 'La velocidad estándar es 100.', 'userConfig');

ALTER TABLE `User` CHANGE `cfgVoiceOfflineRate` `cfgVoiceOfflineRate` INT(11) NOT NULL DEFAULT '100';

-- JOCOMUNICO 3.2

INSERT INTO `Content` (`idString`, `tagString`, `ID_CLanguage`, `content`, `section`) VALUES 
(2069, 'ffe889', 1, 'Groc clar', 'color'), 
(2069, 'ffe889', 2, 'Amarillo claro', 'color'), 
(2070, 'fcb38b', 1, 'Taronja clar', 'color'), 
(2070, 'fcb38b', 2, 'Naranja claro', 'color'), 
(2071, '86c779', 1, 'Verd clar', 'color'), 
(2071, '86c779', 2, 'Verde claro', 'color'), 
(2072, 'fc9fb0', 1, 'Rosa clar', 'color'), 
(2072, 'fc9fb0', 2, 'Rosa claro', 'color'), 
(2073, 'a7c7cf', 1, 'Blau clar', 'color'), 
(2073, 'a7c7cf', 2, 'Azul claro', 'color'), 
(2074, 'd1d1d1', 1, 'Gris clar', 'color'), 
(2074, 'd1d1d1', 2, 'Gris claro', 'color'), 
(2075, 'cfc5b0', 1, 'Beix clar', 'color'), 
(2075, 'cfc5b0', 2, 'Beis claro', 'color'), 
(2076, 'bd9adb', 1, 'Morat clar', 'color'), 
(2076, 'bd9adb', 2, 'Morado claro', 'color'), 
(2077, 'db7676', 1, 'Vermell clar', 'color'), 
(2077, 'db7676', 2, 'Rojo claro', 'color');

UPDATE `Content` SET `content` = 'Afegir grups vocabulari CACE' WHERE `Content`.`idString` = 11012 AND `Content`.`tagString` = 'addgroups' AND `Content`.`ID_CLanguage` = 1;

UPDATE `Content` SET `content` = 'Añadir grupos vocabulario CACE' WHERE `Content`.`idString` = 11012 AND `Content`.`tagString` = 'addgroups' AND `Content`.`ID_CLanguage` = 2;

UPDATE `Content` SET `content` = 'Esteu a punt d\'afegir 2 grups amb el vocabulari CACE elaborat per la Universitat de Barcelona amb més de 800 pictogrames distrubuïts per categories semàntiques. Aquests grups només es poden afegir una vegada per usuari. Si després d\'afegir-los no els utilitzeu, agraïríem que, per temes d\'espai a la base de dades, els eliminéssiu mitjançant el botó Eliminar. L\'operació d\'afegir els grups pot trigar uns quants minuts. Voleu continuar?' WHERE `Content`.`idString` = 11014 AND `Content`.`tagString` = 'Addinfo' AND `Content`.`ID_CLanguage` = 1;

UPDATE `Content` SET `content` = 'Estáis a punto de añadir 2 grupos con el vocabulario CACE elaborado por la Universidad de Barcelona con más de 800 pictogramas distrubuidos por categorías semánticas. Estos grupos sólo se pueden añadir una vez por usuario. Si después de añadirlos no los utilizáis, agradeceríamos que, por temas de espacio en la base de datos, los eliminarais mediante el botón Eliminar. La operación de añadir los grupos puede tardar varios minutos. ¿Queréis continuar?' WHERE `Content`.`idString` = 11014 AND `Content`.`tagString` = 'Addinfo' AND `Content`.`ID_CLanguage` = 2;

UPDATE `Content` SET `content` = '<div class=\"row\">\r\n <h1>Mac OS X</h1>\r\n <p>Per actualitzar Jocomunico, cal seguir els passos següents:</p>\r\n <ul>\r\n <li>Descarrega el fitxer amb l\'actualització i, un cop descarregat, descomprimeix-lo fent doble clic sobre el fitxer.</li>\r\n\r\n <li>Obre el panell de configuració de MAMP i prem sobre el boto de Start Servers (si encara no estan iniciats).</li>\r\n <br>\r\n <img src=\"img/srcWeb/download/start-servers-green-screenshot.png\">\r\n <br><br>\r\n\r\n <li>Feu clic a Open WebStart page i s\'obrirà al vostre navegador una pestanya amb el menú de MAMP.</li>\r\n <br>\r\n <img src=\"img/srcWeb/download/web-start-screenshot.png\" style=\"width:100%\">\r\n <br><br>\r\n\r\n <li>Navegueu fins a Tools (Eines) i feu clic a phpmyadmin. A continuació, feu clic a Import (Importa).</li>\r\n <br>\r\n <img src=\"img/srcWeb/download/phpmyadmin-import-screenshot.png\" style=\"width:100%\">\r\n <br><br>\r\n\r\n <li>Tot seguit cliqueu sobre Choose file (Tria un fitxer) i selecciona el fitxer \"updateDB-jocomunico.sql\"\r\n de la carpeta que heu descomprimit prèviament i premeu el botó Go (Executa) de sota.</li>\r\n <br>\r\n <img src=\"img/srcWeb/download/phpmyadmin-choose-screenshot.png\" style=\"width:100%\">\r\n <br><br>\r\n <img src=\"img/srcWeb/download/phpmyadmin-go-screenshot.png\" style=\"width:100%\">\r\n <br><br>\r\n\r\n <li> Busca la carpeta on hi ha Jocomunico al teu ordinador. La pots trobar entrant a la pestanya\r\n de Web Server del menú de Preferències de MAMP.\r\n <br>\r\n <img src=\"img/srcWeb/download/web-server-screenshot.png\" style=\"width:100%\">\r\n <br><br>\r\n\r\n <li>Un cop localitzada, obre la carpeta i elimina tots els fitxers i carpetes, excepte la carpeta \"img\". Copieu-hi tots els fitxers i carpetes\r\n de dins la carpeta del fitxer descomprimit, excepte la carpeta \"img\".</li>\r\n\r\n <li>Un cop fet, entreu a \"img\" de la carpeta original de jocomunicoapp i substituiu tots els fitxers i carpetes,\r\n com heu fet abans, excepte les carpetes \"pictos\" i \"users\". </li>\r\n\r\n<li><strong>Si a la carpeta \"img\" del paquet d\'actualització hi hagués carpetes de \"pictos\" i \"users\"</strong>, has d\'obrir-les i copiar-ne les imatges de dins a les carpetes originals de \"pictos\" i \"users\" de jocomunicoapp al teu ordinador. </li>\r\n <li>Finalment, per acabar l\'actualització, entreu a Google Chrome i esborreu la caché. Fet això,\r\n a la barra de navegació escriviu \"localhost:8888\" i premeu Intro. Ja teniu Jocomunico actualitzat!</li>\r\n\r\n </ul>\r\n </div>' WHERE `Content`.`idString` = 10048 AND `Content`.`tagString` = 'updateMac' AND `Content`.`ID_CLanguage` = 1;

UPDATE `Content` SET `content` = '<div class=\"row\">\r\n <h1>Mac OS X</h1>\r\n <p>Para actualizar Jocomunico, se tienen que seguir los siguientes pasos:</p>\r\n <ul>\r\n <li>Descarga el archivo de actualización y descomprímelo haciendo doble clic sobre él.</li>\r\n\r\n <li>Abre el panel de configuración de MAMP y presiona sobre el botón Start Servers (en caso de no estar iniciados).</li>\r\n <br>\r\n <img src=\"img/srcWeb/download/start-servers-green-screenshot.png\">\r\n <br><br>\r\n\r\n <li>Haz clic sobre Open WebStart page y se abrirá una pestaña con el menú de MAMP.</li>\r\n <br>\r\n <img src=\"img/srcWeb/download/web-start-screenshot.png\" style=\"width:100%\">\r\n <br><br>\r\n\r\n <li>Navega hasta Tools (Herramientas) y haz clic en phpmyadmin. A continuación, haz click en Import (Importar).</li>\r\n <br>\r\n <img src=\"img/srcWeb/download/phpmyadmin-import-screenshot.png\" style=\"width:100%\">\r\n <br><br>\r\n\r\n <li>Seguidamente haz clic sobre Choose file (Escoge el archivo) y selecciona el archivo \"updateDB-jocomunico.sql\"\r\n de la carpeta que has descomprido previamente y presiona en el botón Go (Ejecuta) de abajo.</li>\r\n <br>\r\n <img src=\"img/srcWeb/download/phpmyadmin-choose-screenshot.png\" style=\"width:100%\">\r\n <br><br>\r\n <img src=\"img/srcWeb/download/phpmyadmin-go-screenshot.png\" style=\"width:100%\">\r\n <br><br>\r\n\r\n <li> Busca la carpeta donde está Jocomunico en tu ordenador. La puedes encontrar entrando en la pestaña de Web Server del menú de Preferencias de MAMP.\r\n </li>\r\n <br>\r\n <img src=\"img/srcWeb/download/web-server-screenshot.png\" style=\"width:100%\">\r\n <br><br>\r\n\r\n <li>Una vez localizada, abre la carpeta y elimina todos sus archivos y carpetas, excepto la carpeta \"img\". Copia en ella todos los archivos y carpetas\r\nde dentro de la carpeta del archivo descomprimido, excepto la carpeta \"img\".</li>\r\n\r\n <li>Una vez hecho, entra en \"img\" de la carpeta original de jocomunicoapp y sustituye todos los archivos y carpetas,\r\nigual que antes, excepto las carpetas \"pictos\" y \"users\".</li>\r\n\r\n<li><strong>Si en la carpeta \"img\" del paquete de actualización hubiera carpetas de \"pictos\" y \"users\"</strong>, tienes que abrirlas y copiar las imágenes de dentro en las carpetas originales de \"pictos\" y \"users\" de jocomunicoapp de tu ordenador.</li>\r\n\r\n<li>Finalmente, para terminar la actualización, entra en Google Chrome y borra la caché. Hecho esto,\r\nen la barra de navegación escribe \"localhost:8888\" y pulsa Intro. ¡Ya tiene Jocomunico actualizado!</li>\r\n\r\n </ul>\r\n </div>' WHERE `Content`.`idString` = 10048 AND `Content`.`tagString` = 'updateMac' AND `Content`.`ID_CLanguage` = 2;

UPDATE `Content` SET `content` = '<div class=\"row\">\r\n <h1>Mac OS X</h1>\r\n <p>Para actualizar Jocomunico, se tienen que seguir los siguientes pasos:</p>\r\n <ul>\r\n <li>Descarga el archivo de actualización y descomprímelo haciendo doble clic sobre él.</li>\r\n\r\n <li>Abre el panel de configuración de MAMP y presiona sobre el botón Start Servers (en caso de no estar iniciados).</li>\r\n <br>\r\n <img src=\"img/srcWeb/download/start-servers-green-screenshot.png\">\r\n <br><br>\r\n\r\n <li>Haz clic sobre Open WebStart page y se abrirá una pestaña con el menú de MAMP.</li>\r\n <br>\r\n <img src=\"img/srcWeb/download/web-start-screenshot.png\" style=\"width:100%\">\r\n <br><br>\r\n\r\n <li>Navega hasta Tools (Herramientas) y haz clic en phpmyadmin. A continuación, haz click en Import (Importar).</li>\r\n <br>\r\n <img src=\"img/srcWeb/download/phpmyadmin-import-screenshot.png\" style=\"width:100%\">\r\n <br><br>\r\n\r\n <li>Seguidamente haz clic sobre Choose file (Escoge el archivo) y selecciona el archivo \"updateDB-jocomunico.sql\"\r\n de la carpeta que has descomprido previamente y presiona en el botón Go (Ejecuta) de abajo.</li>\r\n <br>\r\n <img src=\"img/srcWeb/download/phpmyadmin-choose-screenshot.png\" style=\"width:100%\">\r\n <br><br>\r\n <img src=\"img/srcWeb/download/phpmyadmin-go-screenshot.png\" style=\"width:100%\">\r\n <br><br>\r\n\r\n <li> Busca la carpeta donde está Jocomunico en tu ordenador. La puedes encontrar entrando en la pestaña de Web Server del menú de Preferencias de MAMP.\r\n </li>\r\n <br>\r\n <img src=\"img/srcWeb/download/web-server-screenshot.png\" style=\"width:100%\">\r\n <br><br>\r\n\r\n <li>Una vez localizada, abre la carpeta y elimina todos sus archivos y carpetas, excepto la carpeta \"img\". Copia en ella todos los archivos y carpetas\r\nde dentro de la carpeta del archivo descomprimido, excepto la carpeta \"img\".</li>\r\n\r\n <li>Una vez hecho, entra en \"img\" de la carpeta original de jocomunicoapp y sustituye todos los archivos y carpetas,\r\nigual que antes, excepto las carpetas \"pictos\" y \"users\".</li>\r\n\r\n<li><strong>Si en la carpeta \"img\" del paquete de actualización hubiera carpetas de \"pictos\" y \"users\"</strong>, tienes que abrirlas y copiar las imágenes de dentro en las carpetas originales de \"pictos\" y \"users\" de jocomunicoapp de tu ordenador.</li>\r\n\r\n<li>Finalmente, para terminar la actualización, entra en Google Chrome y borra la caché. Hecho esto,\r\nen la barra de navegación escribe \"localhost:8888\" y pulsa Intro. ¡Ya tiene Jocomunico actualizado!</li>\r\n\r\n </ul>\r\n </div>' WHERE `Content`.`idString` = 10048 AND `Content`.`tagString` = 'updateMac' AND `Content`.`ID_CLanguage` = 3;

UPDATE `Content` SET `content` = '<ul><li><p><strong>Què és el sistema d’escaneig personalitzat?</strong></p>\r\n \r\n <p>Els sistemes d’escaneig permeten seleccionar elements de la interfície que es van il·luminant (veure el GIF animat més avall) mitjançant pulsadors o altres mètodes alternatius d’entrada. El <b>sistema d\'escaneig personalitzat</b> de Jocomunico permet configurar lliurement un escaneig per blocs de fins a dos nivells. En seleccionar un dels blocs del primer nivell d\'escaneig, l\'usuari accedirà al segon nivell d\'escaneig.</p>\r\n \r\n <br/>\r\n <li><p><strong></p>Com es personalitza l’escaneig?</strong></p>\r\n <p>Per a personalitzar l\'escaneig, cal que donis a cada casella un número (1, 2, 3, etc.) per al <b>primer nivell d\'escaneig</b>. Per exemple, has de donar el número 1 a totes les caselles que vulguis que siguin del 1r bloc d\'escaneig, el número 2 a totes les caselles que vulguis que siguin del 2n bloc d\'escaneig, etc.</p>\r\n <p>A continuació, cal que donis a les caselles un número (1, 2, 3, etc.) per al <b>segon nivell d\'escaneig</b>. Per exemple, has de donar el número 1 a totes les caselles del subbloc 1 dins del 1r bloc d\'escaneig; el número 2 a totes les caselles del subbloc 2 dins del 1r bloc d\'escaneig; el número 3 a totes les caselles del subbloc 3 dins del 1r bloc d\'escaneig, etc.</p>\r\n <p>De la mateixa manera, cal que donis el número 1 a totes les caselles del subbloc 1 dins del 2n bloc d\'escaneig; el número 2 a totes les caselles del subbloc 2 dins del 2n bloc d\'escaneig; el número 3 a totes les caselles del subbloc 3 dins del 2n bloc d\'escaneig, etc.</p>\r\n <p>En seleccionar un dels blocs del segon nivell, l\'escaneig passarà per les caselles d\'una en una.</p><br/>\r\n <p style=\"display: block; width:100%; text-align: center;\">\r\n <img src=\"img/srcWeb/Edit/gif-escaneig-per-blocs.gif\" width=\"100%\" />\r\n </p><br />\r\n <p>Les caselles que no tinguin cap número definit per al segon nivell d\'escaneig, s\'escanejaran al final del segon nivell, és a dir, al final de l\'últim subbloc del bloc al qual pertanyin.</p><br/>\r\n </li>\r\n <p><b>RECORDA!</b> Pots personalitzar l\'escaneig de manera totalment lliure, és a dir, les caselles d\'un mateix bloc d\'escaneig no han de ser necessàriament contigües. Recorda també que, per a fer servir l\'escaneig personalitzat, has d\'activar-lo al menú Sistema d\'escaneig que trobaràs a la Configuració de l\'aplicació.</p></ul> ' WHERE `Content`.`idString` = 2421 AND `Content`.`tagString` = 'faq3_5Text' AND `Content`.`ID_CLanguage` = 1;

UPDATE `Content` SET `content` = '<ul><li><p><strong>¿Qué es el sistema de escaneo personalizado? </strong></p>\r\n <p>Los sistemas de escaneo son un método para poder seleccionar elementos de la interfaz que se van iluminando por bloques (ver GIF más abajo) mediante pulsadores u otros sistemas alternativos de entrada. El <b>sistema de escaneo personalizado</b> de Jocomunico permite configurar libremente un escaneo por bloques de hasta dos niveles. Al seleccionar uno de los bloques del primer nivel de escaneo, el usuario accederá al segundo nivel de escaneo.</p> \r\n <br/>\r\n <li><p><strong></p>Cómo personalizar el escaneo:</strong></p>\r\n <p>Para personalizar el escaneo, debes dar a cada casilla un número (1, 2, 3, etc.) para el <b>primer nivel de escaneo</b>. Por ejemplo, debes dar el número 1 a todas las casillas que quieras que sean del 1er bloque de escaneo del primer nivel; el número 2 a todas las casillas que quieres que sean del 2º bloque de escaneo del primer nivel, etc.</p>\r\n <p>A continuación, debes dar a las casillas un número (1, 2, 3, etc.) para el <b>segundo nivel de escaneo</b>. Por ejemplo, debes dar el número 1 a todas las casillas del subbloque 1 dentro del 1er bloque de escaneo; el número 2 para todas las casillas del subbloque 2 dentro del 1er bloque de escaneo; el número 3 para todas las casillas del subbloque 3 dentro del 1er bloque de escaneo, etc.</p>\r\n <p>Del mismo modo, debes dar el número 1 a todas las casillas del subbloque 1 dentro del 2º bloque de escaneo; el número 2 para todas las casillas del subbloque 2 dentro del 2º bloque de escaneo; el número 3 para todas las casillas del subbloque 3 dentro del 2º bloque de escaneo, etc.</p>\r\n <p>Al seleccionar uno de los bloques del segundo nivel, el escaneo pasará por las casillas una a una.</p><br/>\r\n <p style=\"display: block; width:100%; text-align: center;\">\r\n <img src=\"img/srcWeb/Edit/gif-escaneig-per-blocs.gif\" width=\"100%\" />\r\n </p><br/>\r\n <p>Las casillas que no tengan ningún número definido para el segundo nivel de escaneo, se escanearán al final del segundo nivel, es decir, al final del último subbloque del bloque al que pertenecen.</p><br />\r\n </li>\r\n <p><b>¡RECUERDA!</b> Puedes personalizar el escaneo de manera totalmente libre, es decir, las casillas de un mismo bloque de escaneo no deben ser necesariamente contiguas. Recuerda también que para utilizar el escaneo personalizado, debes activarlo en el menú Sistema de escaneo que encontrarás en la Configuración de la aplicación.</p></ul>' WHERE `Content`.`idString` = 2421 AND `Content`.`tagString` = 'faq3_5Text' AND `Content`.`ID_CLanguage` = 2;

UPDATE `Content` SET `content` = '<ul><li><p><strong>¿Qué es el sistema de escaneo personalizado? </strong></p>\r\n <p>Los sistemas de escaneo son un método para poder seleccionar elementos de la interfaz que se van iluminando por bloques (ver GIF más abajo) mediante pulsadores u otros sistemas alternativos de entrada. El <b>sistema de escaneo personalizado</b> de Jocomunico permite configurar libremente un escaneo por bloques de hasta dos niveles. Al seleccionar uno de los bloques del primer nivel de escaneo, el usuario accederá al segundo nivel de escaneo.</p> \r\n <br/>\r\n <li><p><strong></p>Cómo personalizar el escaneo:</strong></p>\r\n <p>Para personalizar el escaneo, debes dar a cada casilla un número (1, 2, 3, etc.) para el <b>primer nivel de escaneo</b>. Por ejemplo, debes dar el número 1 a todas las casillas que quieras que sean del 1er bloque de escaneo del primer nivel; el número 2 a todas las casillas que quieres que sean del 2º bloque de escaneo del primer nivel, etc.</p>\r\n <p>A continuación, debes dar a las casillas un número (1, 2, 3, etc.) para el <b>segundo nivel de escaneo</b>. Por ejemplo, debes dar el número 1 a todas las casillas del subbloque 1 dentro del 1er bloque de escaneo; el número 2 para todas las casillas del subbloque 2 dentro del 1er bloque de escaneo; el número 3 para todas las casillas del subbloque 3 dentro del 1er bloque de escaneo, etc.</p>\r\n <p>Del mismo modo, debes dar el número 1 a todas las casillas del subbloque 1 dentro del 2º bloque de escaneo; el número 2 para todas las casillas del subbloque 2 dentro del 2º bloque de escaneo; el número 3 para todas las casillas del subbloque 3 dentro del 2º bloque de escaneo, etc.</p>\r\n <p>Al seleccionar uno de los bloques del segundo nivel, el escaneo pasará por las casillas una a una.</p><br/>\r\n <p style=\"display: block; width:100%; text-align: center;\">\r\n <img src=\"img/srcWeb/Edit/gif-escaneig-per-blocs.gif\" width=\"100%\" />\r\n </p><br/>\r\n <p>Las casillas que no tengan ningún número definido para el segundo nivel de escaneo, se escanearán al final del segundo nivel, es decir, al final del último subbloque del bloque al que pertenecen.</p><br />\r\n </li>\r\n <p><b>¡RECUERDA!</b> Puedes personalizar el escaneo de manera totalmente libre, es decir, las casillas de un mismo bloque de escaneo no deben ser necesariamente contiguas. Recuerda también que para utilizar el escaneo personalizado, debes activarlo en el menú Sistema de escaneo que encontrarás en la Configuración de la aplicación.</p></ul>' WHERE `Content`.`idString` = 2421 AND `Content`.`tagString` = 'faq3_5Text' AND `Content`.`ID_CLanguage` = 3;

UPDATE `Content` SET `content` = 'El vocabulari per defecte de Jocomunico consta de 1100 pictogrames. Tal com es pot veure a la secció anterior, aquest vocabulari es pot ampliar. A continuació, pots baixar-te un document PDF que detalla tot aquest vocabulari per defecte, dividit per categories gramaticals i ordenat alfabèticament. <br /><br />\r\nA partir de la versió 3.2 de Jocomunico, s\'incorpora el vocabulari CACE desenvolupat pel grup UTAC Sírius de la Universitat de Barcelona que incrementa el nombre de pictogrames per defecte disponibles a 1285. Per a més informació sobre el CACE pots consultar <a href=\"https://www.utac.cat/descarregues/cace-utac\" target=\"_blank\">la seva pàgina web</a>. Per veure com afegir els panells amb el vocabulari CACE al teu usuari, ves a la <strong>secció 3.12</strong> d\'aquest manual.' WHERE `Content`.`idString` = 8010 AND `Content`.`tagString` = 'faq3_8Text' AND `Content`.`ID_CLanguage` = 1;

UPDATE `Content` SET `content` = 'El vocabulario predeterminado de Jocomunico consta de 1100 pictogramas. Como se puede ver en la sección anterior, este vocabulario se puede ampliar. A continuación, puedes bajarte un documento PDF que detalla todo este vocabulario por defecto, dividido por categorías gramaticales y ordenado alfabéticamente. <br /><br />\r\nA partir de la versión 3.2 de Jocomunico, se incorpora el vocabulario CACE desarrollado por el grupo UTAC Sirius de la Universidad de Barcelona que incrementa el número de pictogramas por defecto disponibles a 1285. Para más información sobre CACE puedes consultar <a href= \"https://www.utac.cat/descarregues/cace-utac\" target=\"_blank\">su página web</a>. Para ver cómo añadir los paneles con el vocabulario CACE a tu usuario, ve a la <strong>sección 3.12</strong> de este manual.' WHERE `Content`.`idString` = 8010 AND `Content`.`tagString` = 'faq3_8Text' AND `Content`.`ID_CLanguage` = 2;

UPDATE `Content` SET `content` = 'El vocabulario predeterminado de Jocomunico consta de 1100 pictogramas. Como se puede ver en la sección anterior, este vocabulario se puede ampliar. A continuación, puedes bajarte un documento PDF que detalla todo este vocabulario por defecto, dividido por categorías gramaticales y ordenado alfabéticamente. <br /><br />\r\nA partir de la versión 3.2 de Jocomunico, se incorpora el vocabulario CACE desarrollado por el grupo UTAC Sirius de la Universidad de Barcelona que incrementa el número de pictogramas por defecto disponibles a 1285. Para más información sobre CACE puedes consultar <a href= \"https://www.utac.cat/descarregues/cace-utac\" target=\"_blank\">su página web</a>. Para ver cómo añadir los paneles con el vocabulario CACE a tu usuario, ve a la <strong>sección 3.12</strong> de este manual.' WHERE `Content`.`idString` = 8010 AND `Content`.`tagString` = 'faq3_8Text' AND `Content`.`ID_CLanguage` = 3;

INSERT INTO `Updates` (`IDUpdate`, `ID_ULanguage`, `title`, `version`, `descripcion`, `urlWin`, `urlMac`, `dateUpdate`, `showPopUp`) VALUES ('11', '3', 'Update from 3.0 to 3.2', '3.2', 'Bundle to update Jocomunico from version 3.0 to 3.2. Aside from bug fixes and minor interface changes, such as being able to change the speech rate in the \"Configuration\" menu, this update adds the possibility to add panels with the CACE vocabulary, developed by the University of Barcelona, directly from the \"My panels\" menu.', 'https://jocomunico.com/files/jocomunico-update-3-2.exe', 'https://jocomunico.com/files/jocomunico-mac-update-3-2.zip', '2023-09-22', '1'), ('11', '2', 'Actualización 3.0 a 3.2', '3.2', 'Paquete para actualizar Jocomunico de la versión 3.0 a la 3.2. Las novedades que incluye este paquete son las siguientes: <br/>\r\n <ul>\r\n <li>- Añadidos 185 pictogramas más al vocabulario base tanto en catalán como en castellano.</li>\r\n <li>- Posibilidad de añadir los paneles con el vocabulario CACE desarrollado por la Universidad de Barcelona desde el apartado de \"Mis paneles\".</li>\r\n <li>- Opción para cambiar la velocidad del habla desde el apartado de \"Configuración\".</li>\r\n <li>- Reducido el tiempo que queda abierto el menú de bloqueo con la contraseña a 5 segundos, por si un usuario lo selecciona sin querer que no tenga que esperar tanto para poder continuar utilizando el comunicador.</li>\r\n <li>- Solucionado un error que hacía que algunas frases no se leyeran en voz alta.</li>\r\n <li>- Arreglado un bug en Chrome que no te permitía cambiar el color de una celda mediante el desplegable de \"Editar celda\".</li>\r\n <li>- Actualizados los apartados del Manual de usuario referentes al vocabulario.</li>\r\n <li>- Actualizadas las instrucciones de instalación de actualizaciones en Mac.</li>\r\n <li>- Solucionados otros bugs menores en la interfaz y en el vocabulario.</li>\r\n </ul>', 'https://jocomunico.com/files/jocomunico-update-3-2.exe', 'https://jocomunico.com/files/jocomunico-mac-update-3-2.zip', '2023-09-22', '1'), ('11', '1', 'Actualització 3.0 a 3.2', '3.2', 'Paquet per actualitzar Jocomunico de la versió 3.0 a la 3.2. Les novetats que inclou aquest paquet són les següents: <br/>\r\n <ul>\r\n <li>- Afegits 185 pictogrames més al vocabulari base tant en català com en castellà.</li>\r\n <li>- Possibilitat d\'afegir els panells amb el vocabulari CACE desenvolupat per la Universitat de Barcelona des de l\'apartat \"Els meus panells\".</li>\r\n <li>- Opció per canviar la velocitat de la parla des de l\'apartat de \"Configuració\".</li>\r\n <li>- Reduït el temps que queda obert el menú de bloqueig amb la contrasenya a 5 segons, per si un usuari el selecciona sense voler que no hagi d\'esperar tant per poder continuar utilitzant el comunicador.</li>\r\n <li>- Solucionat un error que feia que algunes frases no es llegissin en veu alta.</li>\r\n <li>- Arreglat un bug a Chrome que no et permetia canviar el color d\'una cel·la mitjançant el desplegable a \"Editar cel·la\".</li>\r\n <li>- Actualitzats els apartats del Manual d\'usuari referents al vocabulari.</li>\r\n <li>- Actualitzades les instruccions d\'instal·lació d\'actualitzacions a Mac.</li>\r\n <li>- Solucionats altres bugs menors a la interfície i al vocabulari.</li>\r\n </ul>', 'https://jocomunico.com/files/jocomunico-update-3-2.exe', 'https://jocomunico.com/files/jocomunico-mac-update-3-2.zip', '2023-09-22', '1'), ('10', '3', 'Jocomunico 3.2', '3.2', 'Bundle with the full version 3.2 of Jocomunico.', 'https://jocomunico.com/files/jocomunico-setup-3-2.exe', 'https://jocomunico.com/files/jocomunico-mac-3-2.zip', '2023-09-22', '1'), ('10', '2', 'Jocomunico 3.2', '3.2', 'Paquete con la versión 3.2 completa de Jocomunico.', 'https://jocomunico.com/files/jocomunico-setup-3-2.exe', 'https://jocomunico.com/files/jocomunico-mac-3-2.zip', '2023-09-22', '1'), ('10', '1', 'Jocomunico 3.2', '3.2', 'Paquet amb la versió 3.2 completa de Jocomunico.', 'https://jocomunico.com/files/jocomunico-setup-3-2.exe', 'https://jocomunico.com/files/jocomunico-mac-3-2.zip', '2023-09-22', '1');

INSERT INTO `Content` (`idString`, `tagString`, `ID_CLanguage`, `content`, `section`) VALUES ('11040', 'faq3_12', '1', '3.12. Afegir els panells de vocabulari CACE', 'faq'), ('11040', 'faq3_12', '2', '3.12. Añadir los paneles de vocabulario CACE', 'faq'), ('11040', 'faq3_12', '3', '3.12. Añadir los paneles de vocabulario CACE', 'faq');

INSERT INTO `Content` (`idString`, `tagString`, `ID_CLanguage`, `content`, `section`) VALUES ('8009', 'faq3_8', '3', '3.8. Vocabulario disponible', 'faq');

INSERT INTO `Content` (`idString`, `tagString`, `ID_CLanguage`, `content`, `section`) VALUES ('8010', 'faq3_8Text', '3', 'El vocabulario predeterminado de Jocomunico consta de 1100 pictogramas. Como se puede ver en la sección anterior, este vocabulario se puede ampliar. A continuación, puedes bajarte un documento PDF que detalla todo este vocabulario por defecto, dividido por categorías gramaticales y ordenado alfabéticamente.', 'faq');

INSERT INTO `Content` (`idString`, `tagString`, `ID_CLanguage`, `content`, `section`) VALUES ('8011', 'downloadButton', '3', 'Download', 'faq');

INSERT INTO `Content` (`idString`, `tagString`, `ID_CLanguage`, `content`, `section`) VALUES ('11041', 'faq3_12Text', '1', '<strong>Si utilitzes una versió descarregada per Windows o Mac anterior a la 3.2</strong> i vols afegir els panells amb el vocabulari CACE (desenvolupat per la Universitat de Barcelona) amb més de 800 pictogrames distribuïts per categories semàntiques, pots descarregar-los des del botó \"Descarregar\" de la dreta. Després, ves a la secció d\'\"Els meus panells\" dins l\'usuari que desitgis i prem el botó de \"Recupera còpia de seguretat\". Escull l\'opció de Panells i no seleccionis la de Configuració. Tot seguit, prem el botó \"Afegir\", si els vols afegir sense perdre els teus panells actuals.<br /><br />\r\n<strong>Si fas servir Jocomunico online des de la nostra web jocomunico.com o tens la versió 3.2 descarregada o actualitzada</strong>, per afegir els panells CACE has d\'anar a la secció \"Els meus panells\" i prémer el botó \"Afegir grups vocabulari CACE\".', 'faq'), ('11041', 'faq3_12Text', '2', '<strong>Si utilizas una versión descargada para Windows o Mac anterior a la 3.2</strong> y quieres añadir los paneles con el vocabulario CACE (desarrollado por la Universidad de Barcelona) con más de 800 pictogramas distribuidos por categorías semánticas, puedes descargarlos desde el botón \"Descargar\" de la derecha. Después, ve a la sección de \"Mis paneles\" dentro del usuario que desees y pulsa el botón de \"Recupera copia de seguridad\". Escoge la opción de Paneles y no selecciones la de Configuración. A continuación, pulsa el botón \"Añadir\", si los quieres añadir sin perder tus paneles actuales.<br /><br />\r\n<strong>Si utilizas Jocomunico online desde nuestra web jocomunico.com o tienes la versión 3.2 descargada o actualizada</strong>, para añadir los paneles CACE debes ir a la sección \"Mis paneles\" y pulsar el botón \"Añadir grupos vocabulario CACE\".', 'faq'), ('11041', 'faq3_12Text', '3', '<strong>Si utilizas una versión descargada para Windows o Mac anterior a la 3.2</strong> y quieres añadir los paneles con el vocabulario CACE (desarrollado por la Universidad de Barcelona) con más de 800 pictogramas distribuidos por categorías semánticas, puedes descargarlos desde el botón \"Descargar\" de la derecha. Después, ve a la sección de \"Mis paneles\" dentro del usuario que desees y pulsa el botón de \"Recupera copia de seguridad\". Escoge la opción de Paneles y no selecciones la de Configuración. A continuación, pulsa el botón \"Añadir\", si los quieres añadir sin perder tus paneles actuales.<br /><br />\r\n<strong>Si utilizas Jocomunico online desde nuestra web jocomunico.com o tienes la versión 3.2 descargada o actualizada</strong>, para añadir los paneles CACE debes ir a la sección \"Mis paneles\" y pulsar el botón \"Añadir grupos vocabulario CACE\".', 'faq');

UPDATE `PictogramsLanguage` SET `pictotext` = 'baño' WHERE `PictogramsLanguage`.`pictoid` = 317 AND `PictogramsLanguage`.`languageid` = 2;

UPDATE `NameES` SET `nomtext` = 'baño', `plural` = 'baños' WHERE `NameES`.`nameid` = 317;

UPDATE `Pictograms` SET `imgPicto` = 'ponerse ropa_1.png' WHERE `Pictograms`.`pictoid` = 78 AND `Pictograms`.`ID_PUser` = 1;

INSERT INTO `Pictograms` (`pictoid`, `ID_PUser`, `pictoType`, `supportsExpansion`, `imgPicto`, `imgFolder`) VALUES
(910, 1, 'name', '1', '35e544d66dafdb1cfc58bcf5f600b1c1.png', 'img/users/'),
(911, 1, 'name', '1', '528e2c61ef30a855b0a2750ffed0ca74.png', 'img/users/'),
(912, 1, 'name', '1', 'ded14f3fccef1ae68b65d4f17de433dd.png', 'img/pictos/'),
(913, 1, 'name', '1', '98f119cd9b8a4d1337be17cfea11e9ae.png', 'img/pictos/'),
(914, 1, 'name', '1', '2ba8812195f8d9133711ee0ba20b0c2c.png', 'img/pictos/'),
(915, 1, 'name', '1', '68cfaa23e2269d0249f3c1690e63ce52.png', 'img/pictos/'),
(916, 1, 'name', '0', 'b210ac3118ca38f3851352f8635291e9.png', 'img/pictos/'),
(917, 1, 'name', '1', '3f4cb3c09cb6e20f213695f5422fcc4c.png', 'img/pictos/'),
(918, 1, 'name', '1', 'd0b1a2c66634ac8b0bb8524c978c49c2.png', 'img/pictos/'),
(919, 1, 'name', '1', '7f2acbf753763bd523347fdd4e82ca7f.png', 'img/pictos/'),
(920, 1, 'name', '1', 'a6babaff167393f2fdf61e0d8c790b20.png', 'img/pictos/'),
(921, 1, 'name', '1', 'ed67ca8ab0bd682a95a300c794558f22.png', 'img/pictos/'),
(922, 1, 'name', '1', 'e9cb03394b1a1cc3d7c65ca1fcd15aff.png', 'img/pictos/'),
(923, 1, 'name', '1', 'd6d058eac8ee6876b91bf12376a87006.png', 'img/pictos/'),
(924, 1, 'name', '1', '366635c8c6843b94f4181f4496f7690f.png', 'img/pictos/'),
(925, 1, 'name', '1', 'f587332249727c9d5cfb5c2bb0e648ca.png', 'img/pictos/'),
(926, 1, 'name', '1', 'd706d12794f06ceadeef71d53ec1ca54.png', 'img/pictos/'),
(927, 1, 'name', '1', '4d350a5842feb79760586cb1e8825f93.png', 'img/users/'),
(928, 1, 'name', '1', '5c7c70179952e2fc59ba4debe8e3581d.png', 'img/pictos/'),
(929, 1, 'name', '1', '56147768d1b9d0044c9d5c372501eb23.png', 'img/pictos/'),
(930, 1, 'name', '1', 'bdf200d8f5433e59eb1ae8463c136bc4.png', 'img/pictos/'),
(931, 1, 'name', '1', 'd8af59076a1a59fc3b96e9f2aedb42b9.png', 'img/users/'),
(932, 1, 'name', '1', '32582_500.png', 'img/users/'),
(933, 1, 'name', '1', 'a55de71d65333cf3a2c4ade18df7c928.png', 'img/pictos/'),
(934, 1, 'name', '1', '8739d0139ce51865b6bb9b1d5b27e232.png', 'img/pictos/'),
(935, 1, 'name', '1', 'f2595d0a67da5198d2c7077718647eb2.png', 'img/pictos/'),
(936, 1, 'name', '1', 'b9ec2590b5c1f1dd64a391339ea879d4.png', 'img/pictos/'),
(937, 1, 'name', '1', '578eb40d4cc00eda943c0e1d18f53ee3.png', 'img/pictos/'),
(938, 1, 'name', '1', '1583d34ceb197339d7ee29c819be4e3b.png', 'img/pictos/'),
(939, 1, 'name', '1', 'b10f8f01da62f7620751ca5b7f66d42e.png', 'img/pictos/'),
(940, 1, 'name', '1', '5cac9ad88c7a5b44a58d16bcf9044126.png', 'img/pictos/'),
(941, 1, 'name', '1', 'ab053a74e2ac0865bcec8e36ffeabd57.png', 'img/pictos/'),
(942, 1, 'name', '1', '8c67d847cd8110efaf93f9ae167fc13a.png', 'img/pictos/'),
(943, 1, 'name', '1', 'dc9dfe8509fb8eae435cd49017d6f8ba.png', 'img/pictos/'),
(944, 1, 'name', '1', 'c93b1c327076dbc806f4384990cf3f9a.png', 'img/pictos/'),
(945, 1, 'name', '1', '7de07d2b839b433cbbca880da8e8ef6b.png', 'img/pictos/'),
(946, 1, 'name', '1', '138095ebcd35d3ad070ec9bb18215f2b.png', 'img/pictos/'),
(947, 1, 'name', '1', '7b118d9c0d39c7270b38af6624b41bf4.png', 'img/pictos/'),
(948, 1, 'name', '1', '62d000204edc9b6b392909015e7b8545.png', 'img/pictos/'),
(949, 1, 'name', '1', 'adef1fadc7345d1d0f17b20bc20915d8.png', 'img/pictos/'),
(950, 1, 'name', '1', 'a2d6307e3e2d1113fa8130a4b0b248e5.png', 'img/pictos/'),
(951, 1, 'name', '1', 'ea1eac6d3919fe2b2b71f4ed782b7796.png', 'img/pictos/'),
(952, 1, 'name', '1', 'abb0a02cfe934e395463a89c3c9bb1c7.png', 'img/pictos/'),
(953, 1, 'name', '1', '1333f167ecfc2e43f569928a7c23efb9.png', 'img/pictos/'),
(954, 1, 'name', '1', '7d3841065828f9eaac315356478b31e3.png', 'img/pictos/'),
(955, 1, 'name', '1', 'c08f77110106d3cd2791c64a9c978071.png', 'img/pictos/'),
(956, 1, 'name', '1', '2f9242241dae1ee6ef83d98a92d1103b.png', 'img/pictos/'),
(957, 1, 'name', '1', 'd0d9acf4d0879a52f890b418e995f905.png', 'img/pictos/'),
(958, 1, 'name', '1', '03c4c4998be666a83ec558f9ce4b2ff4.png', 'img/pictos/'),
(959, 1, 'name', '1', 'f37c222c3a6a414cd9875879f5ad7726.png', 'img/pictos/'),
(960, 1, 'name', '1', 'dd5d57220384824d5fcc2b68401a827e.png', 'img/pictos/'),
(961, 1, 'name', '1', 'f962373be3799af91e9049126f5ef8af.png', 'img/pictos/'),
(962, 1, 'name', '1', 'd96497d1c64a7799bcf058ce3c2304cb.png', 'img/pictos/'),
(963, 1, 'name', '1', '2a57796158e876ce057ef02d893299bf.png', 'img/pictos/'),
(964, 1, 'name', '1', 'f3641eed6c235bbd256a0e977f400e4f.png', 'img/pictos/'),
(965, 1, 'name', '1', '2d9c430e34f77a9b833ae826a821facc.png', 'img/pictos/'),
(966, 1, 'name', '1', '7a133bb673547058b6c8864d2d33bc7e.png', 'img/pictos/'),
(967, 1, 'name', '1', '9325c7e8275590b78c7de4c9d64314c4.png', 'img/pictos/'),
(968, 1, 'name', '1', '58e225edb19c7069246397ee36bf0708.png', 'img/pictos/'),
(969, 1, 'name', '1', '5a73623bfaa1aec21d7052f8bccc659d.png', 'img/pictos/'),
(970, 1, 'name', '1', 'a6dbceda03d55b3d116c23bdb5bb4271.png', 'img/pictos/'),
(971, 1, 'name', '1', '377895f5102df0927e70d57184221457.png', 'img/pictos/'),
(972, 1, 'name', '1', '332e1c4392e10f47a4fcc9bf5471a563.png', 'img/pictos/'),
(973, 1, 'name', '1', 'e613cf96d1709c11edfe16c628d85404.png', 'img/pictos/'),
(974, 1, 'name', '1', '1b331004dda23997d67ff035cfd87123.png', 'img/pictos/'),
(975, 1, 'name', '1', '57865fe192fbf7d3535e8d07a0ab48cb.png', 'img/pictos/'),
(976, 1, 'name', '1', '4dde81387cfb54a2fb8252d175b74693.png', 'img/pictos/'),
(977, 1, 'name', '1', '2190d0ef7218b07c56b8cc2c02e0e186.png', 'img/pictos/'),
(978, 1, 'name', '1', 'ac299eaf56ccb504fb60ec72ac337de1.png', 'img/pictos/'),
(979, 1, 'name', '1', '79371b0ac040d9f477a8c6d12d2454b6.png', 'img/pictos/'),
(980, 1, 'name', '1', '7216d5d151976642a50bd3c67beb7869.png', 'img/pictos/'),
(981, 1, 'name', '1', '6b33804254a891a44fa9f10b0082ec9d.png', 'img/pictos/'),
(982, 1, 'name', '1', '97263573b0e1b5f252f2393a4e2f1798.png', 'img/pictos/'),
(983, 1, 'name', '0', '0e7ba2411d21dbeceff4c372d6808fc3.png', 'img/users/'),
(984, 1, 'name', '1', '513c7e19a8af77afa6e7db8c9b0c108b.png', 'img/pictos/'),
(985, 1, 'name', '1', '2f6ba08e9438d226e5339fe8a0b48712.png', 'img/pictos/'),
(986, 1, 'name', '1', 'ea8a5b764b2d29e3f82fba1c7d5fd2c5.png', 'img/pictos/'),
(987, 1, 'name', '1', 'edac070d5c7b6cac829fb8ccb008eb9e.png', 'img/pictos/'),
(988, 1, 'name', '1', '1b83d5d75207b0f2f190e37d77ba8dc7.png', 'img/pictos/'),
(989, 1, 'name', '1', 'a55891a2e5827de8fcceeda09d632593.png', 'img/pictos/'),
(990, 1, 'name', '1', 'a91970f07080bd3958695d80fad0e321.png', 'img/pictos/'),
(991, 1, 'name', '1', 'cf433631edb375b0de4f62a8594a10c6.png', 'img/pictos/'),
(992, 1, 'name', '1', 'fabb085d4332d961f7c445db0ef587a9.png', 'img/pictos/'),
(993, 1, 'name', '1', '22b191f7649a79d8e5813a05f913a6fe.png', 'img/pictos/'),
(994, 1, 'name', '0', 'b0a1aa420df8baad7064440fbec794eb.png', 'img/pictos/'),
(995, 1, 'name', '1', '9ce438e1b588f2fc080a63c897bb9fad.png', 'img/pictos/'),
(996, 1, 'name', '1', '753f63e33bf44827cab27f07c6786ccf.png', 'img/pictos/'),
(997, 1, 'name', '1', '434af0b72f3526bd1a867b7ae3f690c3.png', 'img/pictos/'),
(998, 1, 'name', '1', 'de495b6651e0e20dddddfb66a2bda313.png', 'img/pictos/'),
(999, 1, 'name', '1', 'ebcd9cfaa22d938d40fe867855b66a4f.png', 'img/pictos/'),
(1000, 1, 'name', '1', 'dfb74df8ae60703c2d03165895d1ee6b.png', 'img/pictos/'),
(1001, 1, 'name', '1', '989b0191929f15ca7af739fbf800cbc3.png', 'img/pictos/'),
(1002, 1, 'name', '1', '14c76cc39058e3231ee209a93265d219.png', 'img/pictos/'),
(1003, 1, 'name', '1', 'b77efbd8bc50bf7a9c1d84bc8d0cff6a.png', 'img/pictos/'),
(1004, 1, 'name', '1', '0498e4be5d4ee3ae1a8a11ce960184a3.png', 'img/pictos/'),
(1005, 1, 'name', '1', '6a3c467302a6a7c9ed9b451f2fb4d9a8.png', 'img/pictos/'),
(1006, 1, 'name', '1', '6940b60f505cd5b7dcf51aace81911b1.png', 'img/pictos/'),
(1007, 1, 'name', '1', 'dab173cc11a34f85af6d57c5f88e5815.png', 'img/pictos/'),
(1008, 1, 'name', '1', 'dd1532c2ddf42a753c46202b1a4ed010.png', 'img/pictos/'),
(1009, 1, 'name', '0', 'b60c923cdee7de14af60b8b1b28e1d78.png', 'img/pictos/'),
(1010, 1, 'name', '0', '7afad566e38c479275d99a18a37c83d0.png', 'img/pictos/'),
(1011, 1, 'name', '0', '36498082c50646ea2132db2075af0fb8.png', 'img/pictos/'),
(1012, 1, 'name', '0', '2c12eb3a146fcdfb17d6ddfc069a037b.png', 'img/pictos/'),
(1013, 1, 'name', '0', 'd336503500fc9261e373289d94561f03.png', 'img/users/'),
(1014, 1, 'name', '0', '6901_500.png', 'img/users/'),
(1015, 1, 'name', '0', '22ab1b2d64fa4603a89b05c6ae62de8f.png', 'img/pictos/'),
(1016, 1, 'name', '0', '3c3434a2f939f812eba5c310eeb01df5.png', 'img/pictos/'),
(1017, 1, 'name', '0', 'fcb2f401ded6bc2edf85e221363735d8.png', 'img/pictos/'),
(1018, 1, 'adj', '1', 'cf4d783cee4519c4b5cfbd3fdac68852.png', 'img/pictos/'),
(1019, 1, 'name', '1', '0f346c6306bd9c987e56217968e7d827.png', 'img/pictos/'),
(1020, 1, 'name', '1', '9cdf3519587b60c480c8dd271eb8831e.png', 'img/pictos/'),
(1021, 1, 'name', '1', '16fa45c89f25ef2ae26b5b58669a5044.png', 'img/pictos/'),
(1022, 1, 'name', '1', '1304185f9a706092581f47109c44ec64.png', 'img/users/'),
(1023, 1, 'name', '1', '2ba8812195f8d9133711ee0ba20b0c2c.png', 'img/pictos/'),
(1024, 1, 'name', '1', '011a96f303cf64c009f77663631b04e0.png', 'img/pictos/'),
(1025, 1, 'name', '1', 'ef94c5b2b83ab4d58ef2394928d0ccca.png', 'img/pictos/'),
(1026, 1, 'name', '1', 'b543a1ffc2065e67dfa1029d0147d193.png', 'img/pictos/'),
(1027, 1, 'name', '1', 'ef258d06b690bf5e431eccf4afc331f3.png', 'img/pictos/'),
(1028, 1, 'name', '1', '944e66829116c4955603662e6efceb74.png', 'img/pictos/'),
(1029, 1, 'name', '1', 'c9b1b47d8d8f5c093ac67a057bbc216e.png', 'img/pictos/'),
(1030, 1, 'name', '1', '9a7ef9d4eaa5669b4034b24c19f6004c.png', 'img/pictos/'),
(1031, 1, 'name', '1', 'a72b6ff824f74d09928878239713978e.png', 'img/pictos/'),
(1032, 1, 'name', '1', '713aa3c78d55c235daba0023c10675ac.png', 'img/pictos/'),
(1033, 1, 'name', '1', '64875225b4fdd2a0b90eee0ce7b501c4.png', 'img/pictos/'),
(1034, 1, 'name', '1', 'c79b039802ee3ce0188de6bc69c3e9ac.png', 'img/pictos/'),
(1035, 1, 'name', '1', 'f8a1e9fc760224e4ef8bcc655c02e82b.png', 'img/pictos/'),
(1036, 1, 'name', '1', '04bf8d13385c9f23f137b564bacf74a3.png', 'img/users/'),
(1037, 1, 'name', '1', '865bfa1008dfab99db5bc1babce26386.png', 'img/pictos/'),
(1038, 1, 'name', '1', '8ea60025d4110ad07da3e0bf93d2ae83.png', 'img/pictos/'),
(1039, 1, 'name', '0', '8c8fa5bad47e17038deecb56f15cd7fb.png', 'img/pictos/'),
(1040, 1, 'name', '0', 'f394ac7a0aa41a2e9e516582ca3abd0d.png', 'img/pictos/'),
(1041, 1, 'name', '0', 'fadd4bb21946fb8166350696e95add93.png', 'img/pictos/'),
(1042, 1, 'name', '0', '707781b311df7868975db08a6175b5f5.png', 'img/pictos/'),
(1043, 1, 'name', '1', '8e2f6a9eeb51bb85985a4663b16e51df.png', 'img/pictos/'),
(1044, 1, 'name', '0', '82dfcab8197ef8f116e4254dee065c99.png', 'img/pictos/'),
(1045, 1, 'name', '0', 'd1590d31e3abfe2dc3d74c7feb865541.png', 'img/pictos/'),
(1046, 1, 'name', '1', 'ec2facaa6216bac8dddc457cadc48b03.png', 'img/pictos/'),
(1047, 1, 'name', '1', 'f7721d5cdb671c257c4b1657e9073543.png', 'img/pictos/'),
(1048, 1, 'name', '1', 'f96d2af219c4c3fe1a0bcd9b30fa31b5.png', 'img/pictos/'),
(1049, 1, 'name', '1', 'fffdad55931962beb541c4ff53d7da0f.png', 'img/pictos/'),
(1050, 1, 'name', '1', '09069140e61a1506c534a1c8f640cd92.png', 'img/users/'),
(1051, 1, 'name', '1', 'fec2d28829258023837456747f624103.png', 'img/pictos/'),
(1052, 1, 'name', '1', '03324ebdf22836d0fdee80e12cf8ae58.png', 'img/pictos/'),
(1053, 1, 'name', '1', '200f812a61bc449bbad5a224f218b591.png', 'img/pictos/'),
(1054, 1, 'name', '1', '40cbfea8d2ea0f929eef04f24a66d8b5.png', 'img/pictos/'),
(1055, 1, 'adj', '1', '37e6ffbf7d421b59722ca886f5362626.png', 'img/pictos/'),
(1056, 1, 'name', '0', 'fc2c727d35c01dcf67db7bdb2c7741ec.png', 'img/pictos/'),
(1057, 1, 'name', '0', '26a7abf3cb202d6058b3d5b4bdfb8420.png', 'img/pictos/'),
(1058, 1, 'name', '0', 'f00de23b53e923b01d9f714f222352b4.png', 'img/pictos/'),
(1059, 1, 'name', '0', '8a221cb1bcefaa9c59e9c74afa94ea66.png', 'img/pictos/'),
(1060, 1, 'name', '0', 'e1fa0f64ab2a8dfdb74fdf7c7eda21f9.png', 'img/pictos/'),
(1061, 1, 'name', '0', '9ade685ecb3a3d582f8806d65070cad1.png', 'img/pictos/'),
(1062, 1, 'name', '0', '2534632127e8ef74c3a647f6787aa5b4.png', 'img/pictos/'),
(1063, 1, 'name', '0', '303387b5fe7bff168fc1c3a823a7f94c.png', 'img/pictos/'),
(1064, 1, 'name', '0', '390f4597ef6655d75b9d45bca5d2a7e3.png', 'img/pictos/'),
(1065, 1, 'name', '0', 'a427cceac305f977947cc02ad9037205.png', 'img/pictos/'),
(1066, 1, 'name', '0', 'c6dac52f3174d5f54a7d8684fe624fb8.png', 'img/pictos/'),
(1067, 1, 'name', '0', '1962774fc757a2f574879e1ed01942aa.png', 'img/pictos/'),
(1068, 1, 'name', '0', '80417d2d804e1a4f86a855c79106196b.png', 'img/pictos/'),
(1069, 1, 'name', '0', 'af293f0e8a445ca35b775b2f8ad41178.png', 'img/pictos/'),
(1070, 1, 'name', '0', '8591a7c22657da69aa9d0bcc70cd61c4.png', 'img/pictos/'),
(1071, 1, 'name', '0', 'b8b315411d6e2cd3b6d82a7517cb0f2d.png', 'img/pictos/'),
(1072, 1, 'name', '0', '6d25141704d2b9891a7c9eabe6dbd732.png', 'img/pictos/'),
(1073, 1, 'name', '0', '937db0306d172746502f84ab105f9eeb.png', 'img/pictos/'),
(1074, 1, 'name', '0', 'be6ca3161638a24e6f9755d347ce8d54.png', 'img/pictos/'),
(1075, 1, 'verb', '1', 'eab43b82fc5feb9b6d13f003a6ca23ae.png', 'img/pictos/'),
(1076, 1, 'verb', '1', '00fbaff51b5c230d1301e150bf319dd4.png', 'img/pictos/'),
(1077, 1, 'verb', '1', 'ad5cb856dfae1a33725d2702ad081623.png', 'img/pictos/'),
(1078, 1, 'verb', '1', '3afb866ff5d8a4305da3ff303d1b58f0.png', 'img/pictos/'),
(1079, 1, 'verb', '1', '023f648eeb83ef201238e69cd58c03e9.png', 'img/pictos/'),
(1080, 1, 'verb', '1', 'fdd4113a6ea48bd7d25dc8286df3ad9e.png', 'img/pictos/'),
(1081, 1, 'verb', '1', '181961e094cd35ed2939a3d3624b17a6.png', 'img/pictos/'),
(1082, 1, 'verb', '1', '11d88e880d039a7dd5dbffab128f35e3.png', 'img/pictos/'),
(1083, 1, 'verb', '1', '4d9bfeacd59f4fc07433576e31142337.png', 'img/pictos/'),
(1084, 1, 'name', '1', '04731762ebf98faaf70c53f2af727640.png', 'img/users/'),
(1085, 1, 'name', '1', 'c6f95dc0d3a7347d46929799956147f5.png', 'img/pictos/'),
(1086, 1, 'name', '1', 'a85a766139da1a3556fc09fa686c68b6.png', 'img/pictos/'),
(1087, 1, 'name', '1', '9649cbb56677c383cb7c884bd62eed8a.png', 'img/pictos/'),
(1088, 1, 'name', '1', 'b60c923cdee7de14af60b8b1b28e1d78.png', 'img/pictos/'),
(1089, 1, 'name', '1', '2aaf014f50bced922449818df6ef682c.png', 'img/users/'),
(1090, 1, 'name', '0', '588bd593ff7a73535efb372abf7afead.png', 'img/users/'),
(1091, 1, 'verb', '1', '8a277efbe7496cec694b17a0c3b31afe.png', 'img/pictos/'),
(1092, 1, 'adj', '1', 'f002d563e45b3a30af77658c6af21a3b.png', 'img/pictos/'),
(1093, 1, 'adj', '1', '871a8e40e15ef6c91cde224194d97159.png', 'img/users/'),
(1094, 1, 'adj', '1', 'c4e7ef5aa4f2b1fc48710df83439c3d8.png', 'img/pictos/');


INSERT INTO `PictogramsLanguage` (`pictoid`, `languageid`, `insertdate`, `pictotext`, `pictofreq`) VALUES
(910, 1, '2023-09-05', 'vampir', 10),
(910, 2, '2009-05-23', 'vampiro', 10),
(911, 1, '2023-09-15', 'cosina', 10),
(911, 2, '0000-00-00', 'prima', 10),
(912, 1, '2023-09-15', 'tieta', 10),
(912, 2, '0000-00-00', 'tía', 10),
(913, 1, '2023-09-05', 'nadó', 10),
(913, 2, '2009-05-23', 'lactante', 10),
(914, 1, '2023-09-15', 'ase', 10),
(914, 2, '0000-00-00', 'asno', 10),
(915, 1, '2023-09-15', 'ovella', 10),
(915, 2, '0000-00-00', 'oveja', 10),
(916, 1, '2023-09-13', 'Vull anar a...', 10),
(916, 2, '0000-00-00', 'Quiero ir a…', 10),
(917, 1, '2023-09-12', 'anelles', 10),
(917, 2, '2009-12-23', 'anillas', 10),
(918, 1, '2023-09-12', 'construccions', 10),
(918, 2, '2009-12-23', 'construcciones', 10),
(919, 1, '2023-09-12', 'fireta', 10),
(919, 2, '2009-12-23', 'cocinita', 10),
(920, 1, '2023-09-15', 'puzle', 10),
(920, 2, '0000-00-00', 'puzle', 10),
(921, 1, '2023-09-12', 'cromos', 10),
(921, 2, '2009-12-23', 'cromos', 10),
(922, 1, '2023-09-12', 'dau', 10),
(922, 2, '2009-12-23', 'dado', 10),
(923, 1, '2023-09-12', 'galleda', 10),
(923, 2, '2009-12-23', 'cubo', 10),
(924, 1, '2023-09-12', 'titella', 10),
(924, 2, '2009-12-23', 'títere', 10),
(925, 1, '2023-09-12', 'bales', 10),
(925, 2, '2009-12-23', 'canicas', 10),
(926, 1, '2023-09-12', 'tobogan', 10),
(926, 2, '2009-12-23', 'tobogán', 10),
(927, 1, '2023-09-15', 'gronxador', 10),
(927, 2, '0000-00-00', 'columpio', 10),
(928, 1, '2023-09-12', 'bombolles', 10),
(928, 2, '2009-12-23', 'burbujas', 10),
(929, 1, '2023-09-12', 'Oca', 10),
(929, 2, '2009-12-23', 'Oca', 10),
(930, 1, '2023-09-12', 'parxís', 10),
(930, 2, '2009-12-23', 'parchís', 10),
(931, 1, '2023-09-15', 'eslàlom', 10),
(931, 2, '0000-00-00', 'eslalon', 10),
(932, 1, '2023-09-14', 'objecte', 10),
(932, 2, '0000-00-00', 'objeto', 10),
(933, 1, '2023-09-11', 'cola d\'enganxar', 10),
(933, 2, '2009-11-23', 'cola de pegar', 10),
(934, 1, '2023-09-11', 'punxó', 10),
(934, 2, '2009-11-23', 'punzón', 10),
(935, 1, '2023-09-11', 'gomets', 10),
(935, 2, '2009-11-23', 'gomets', 10),
(936, 1, '2023-09-15', 'cistella', 10),
(936, 2, '0000-00-00', 'cesta', 10),
(937, 1, '2023-09-11', 'pandereta', 10),
(937, 2, '2009-11-23', 'pandereta', 10),
(938, 1, '2023-09-11', 'maraca', 10),
(938, 2, '2009-11-23', 'maraca', 10),
(939, 1, '2023-09-11', 'caixa xinesa', 10),
(939, 2, '2009-11-23', 'caja china', 10),
(940, 1, '2023-09-11', 'picarol', 10),
(940, 2, '2009-11-23', 'cascabel', 10),
(941, 1, '2023-09-11', 'sac de dormir', 10),
(941, 2, '2009-11-23', 'saco de dormir', 10),
(942, 1, '2023-09-11', 'escombraries', 10),
(942, 2, '2009-11-23', 'basura', 10),
(943, 1, '2023-09-11', 'clau', 10),
(943, 2, '2009-11-23', 'llave', 10),
(944, 1, '2023-09-13', 'quadres', 10),
(944, 2, '0000-00-00', 'quadros', 10),
(945, 1, '2023-09-13', 'topos', 10),
(945, 2, '0000-00-00', 'topos', 10),
(946, 1, '2023-09-13', 'ratlles', 10),
(946, 2, '0000-00-00', 'rayas', 10),
(947, 1, '2023-09-14', 'mida', 10),
(947, 2, '2023-09-18', 'tamaño', 10),
(948, 1, '2023-09-13', 'cor', 10),
(948, 2, '0000-00-00', 'corazón', 10),
(949, 1, '2023-09-13', 'segon', 10),
(949, 2, '0000-00-00', 'segundo', 10),
(950, 1, '2023-09-13', 'tro', 10),
(950, 2, '0000-00-00', 'trueno', 10),
(951, 1, '2023-09-13', 'llamp', 10),
(951, 2, '0000-00-00', 'relámpago', 10),
(952, 1, '2023-09-13', 'residència', 10),
(952, 2, '0000-00-00', 'residencia', 10),
(953, 1, '2023-09-13', 'forn de pa', 10),
(953, 2, '0000-00-00', 'panadería', 10),
(954, 1, '2023-09-13', 'benzinera', 10),
(954, 2, '0000-00-00', 'gasolinera', 10),
(955, 1, '2023-09-13', 'pizzeria', 10),
(955, 2, '0000-00-00', 'pizzería', 10),
(956, 1, '2023-09-13', 'circ', 10),
(956, 2, '0000-00-00', 'circo', 10),
(957, 1, '2023-09-13', 'hotel', 10),
(957, 2, '0000-00-00', 'hotel', 10),
(958, 1, '2023-09-13', 'correus', 10),
(958, 2, '0000-00-00', 'correos', 10),
(959, 1, '2023-09-13', 'comissaria', 10),
(959, 2, '0000-00-00', 'comisaría', 10),
(960, 1, '2023-09-13', 'presó', 10),
(960, 2, '0000-00-00', 'prisión', 10),
(961, 1, '2023-09-13', 'lavabo', 10),
(961, 2, '0000-00-00', 'lavabo', 10),
(962, 1, '2023-09-11', 'prestatgeria', 10),
(962, 2, '2009-11-23', 'estantería', 10),
(963, 1, '2023-09-11', 'làmpada', 10),
(963, 2, '2009-11-23', 'lámpara', 10),
(964, 1, '2023-09-13', 'rampa', 10),
(964, 2, '0000-00-00', 'rampa', 10),
(965, 1, '2023-09-11', 'caminador', 10),
(965, 2, '2009-11-23', 'caminador', 10),
(966, 1, '2023-09-11', 'bipedestador', 10),
(966, 2, '2009-11-23', 'bipedestador', 10),
(967, 1, '2023-09-11', 'camilla', 10),
(967, 2, '2009-11-23', 'camilla', 10),
(968, 1, '2023-09-11', 'impressora', 10),
(968, 2, '2009-11-23', 'impresora', 10),
(969, 1, '2023-09-11', 'timbre', 10),
(969, 2, '2009-11-23', 'timbre', 10),
(970, 1, '2023-09-11', 'commutador', 10),
(970, 2, '2009-11-23', 'comutador', 10),
(971, 1, '2023-09-11', 'vehicle', 10),
(971, 2, '2009-11-23', 'vehículo', 10),
(972, 1, '2023-09-11', 'patinet', 10),
(972, 2, '2009-11-23', 'patinete', 10),
(973, 1, '2023-09-11', 'monopatí', 10),
(973, 2, '2009-11-23', 'monopatín', 10),
(974, 1, '2023-09-11', 'caravana', 10),
(974, 2, '2009-11-23', 'caravana', 10),
(975, 1, '2023-09-11', 'coet', 10),
(975, 2, '2009-11-23', 'cohete', 10),
(976, 1, '2023-09-11', 'trineu', 10),
(976, 2, '2009-11-23', 'trineo', 10),
(977, 1, '2023-09-11', 'cadira amb motor', 10),
(977, 2, '2009-11-23', 'silla con motor', 10),
(978, 1, '2023-09-11', 'volant', 10),
(978, 2, '2009-11-23', 'volante', 10),
(979, 1, '2023-09-11', 'accident', 10),
(979, 2, '2009-11-23', 'accidente', 10),
(980, 1, '2023-09-11', 'aquí', 10),
(980, 2, '2009-11-23', 'aquí', 10),
(981, 1, '2023-09-11', 'allà', 10),
(981, 2, '2009-11-23', 'allí', 10),
(982, 1, '2023-09-11', 'a baix', 10),
(982, 2, '2009-11-23', 'a bajo', 10),
(983, 1, '2023-09-14', 'entre', 10),
(983, 2, '0000-00-00', 'entre', 10),
(984, 1, '2023-09-11', 'a prop', 10),
(984, 2, '2009-11-23', 'cerca', 10),
(985, 1, '2023-09-15', 'al costat', 10),
(985, 2, '0000-00-00', 'al lado', 10),
(986, 1, '2023-09-12', 'Tió', 10),
(986, 2, '2009-12-23', 'Tió', 10),
(987, 1, '2023-09-12', 'pessebre', 10),
(987, 2, '2009-12-23', 'pesebre', 10),
(988, 1, '2023-09-12', 'carnaval', 10),
(988, 2, '2009-12-23', 'carnaval', 10),
(989, 1, '2023-09-12', 'Mona', 10),
(989, 2, '2009-12-23', 'Mona', 10),
(990, 1, '2023-09-12', 'excursió', 10),
(990, 2, '2009-12-23', 'excursión', 10),
(991, 1, '2023-09-12', 'logopèdia', 10),
(991, 2, '2009-12-23', 'logopedia', 10),
(992, 1, '2023-09-15', 'fisiotràpia', 10),
(992, 2, '0000-00-00', 'fisioterapia', 10),
(993, 1, '2023-09-12', 'encàrrec', 10),
(993, 2, '2009-12-23', 'encargo', 10),
(994, 1, '2023-09-12', 'passar llista', 10),
(994, 2, '2009-12-23', 'pasar lista', 10),
(995, 1, '2023-09-12', 'gimnàstica', 10),
(995, 2, '2009-12-23', 'gimnasia', 10),
(996, 1, '2023-09-12', 'llengua', 10),
(996, 2, '2009-12-23', 'lengua', 10),
(997, 1, '2023-09-12', 'matemàtiques', 10),
(997, 2, '2009-12-23', 'matemáticas', 10),
(998, 1, '2023-09-15', 'teclat', 10),
(998, 2, '0000-00-00', 'teclado', 10),
(999, 1, '2023-09-15', 'expressions', 10),
(999, 2, '0000-00-00', 'expresiones', 10),
(1000, 1, '2023-09-11', 'bata', 10),
(1000, 2, '2009-11-23', 'bata', 10),
(1001, 1, '2023-09-11', 'davantal', 10),
(1001, 2, '2009-11-23', 'delantal', 10),
(1002, 1, '2023-09-11', 'boto', 10),
(1002, 2, '2009-11-23', 'botón', 10),
(1003, 1, '2023-09-11', 'bolquer', 10),
(1003, 2, '2009-11-23', 'pañal', 10),
(1004, 1, '2023-09-11', 'corbata', 10),
(1004, 2, '2009-11-23', 'corbata', 10),
(1005, 1, '2023-09-11', 'arracada', 10),
(1005, 2, '2009-11-23', 'pendiente', 10),
(1006, 1, '2023-09-11', 'butxaca', 10),
(1006, 2, '2009-11-23', 'bolsillo', 10),
(1007, 1, '2023-09-11', 'cremallera', 10),
(1007, 2, '2009-11-23', 'cremallera', 10),
(1008, 1, '2023-09-11', 'pastanaga', 10),
(1008, 2, '2009-11-23', 'zanahoria', 10),
(1009, 1, '2023-09-13', 'Quin és el teu menjar preferit?', 10),
(1009, 2, '0000-00-00', '¿Cuál es tu comida favorita?', 10),
(1010, 1, '2023-09-15', 'Quin és el teu esport preferit?', 10),
(1010, 2, '0000-00-00', '¿Cuál es tu deporte favorito?', 10),
(1011, 1, '2023-09-13', 'Quina música t\'agrada?', 10),
(1011, 2, '0000-00-00', '¿Qué música te gusta?', 10),
(1012, 1, '2023-09-13', 'Què no t\'agrada?', 10),
(1012, 2, '0000-00-00', '¿Qué no te gusta?', 10),
(1013, 1, '2023-09-15', 'Quines aficions tens?', 10),
(1013, 2, '0000-00-00', '¿Cuáles son tus aficiones?', 10),
(1014, 1, '2023-09-15', 'Tens animals?', 10),
(1014, 2, '0000-00-00', '¿Tienes animales?', 10),
(1015, 1, '2023-09-13', 'Com és la teva família?', 10),
(1015, 2, '0000-00-00', '¿Cómo es tu familia?', 10),
(1016, 1, '2023-09-13', 'On vas?', 10),
(1016, 2, '0000-00-00', '¿Dónde vas?', 10),
(1017, 1, '2023-09-13', 'Quants anys tens?', 10),
(1017, 2, '0000-00-00', '¿Cuántos años tienes?', 10),
(1018, 1, '2023-09-13', 'equivocat', 10),
(1018, 2, '0000-00-00', 'equivocado', 10),
(1019, 1, '2023-09-12', 'peces', 10),
(1019, 2, '2009-12-23', 'piezas', 10),
(1020, 1, '2023-09-12', 'veig veig', 10),
(1020, 2, '2009-12-23', 'veo veo', 10),
(1021, 1, '2023-09-11', 'a dalt', 10),
(1021, 2, '2009-11-23', 'arriba', 10),
(1022, 1, '2023-09-12', 'picor', 10),
(1022, 2, '2009-12-23', 'picor', 10),
(1023, 1, '2023-09-15', 'ruc', 10),
(1023, 2, '0000-00-00', 'borrego', 10),
(1024, 1, '2023-09-14', 'cuca', 10),
(1024, 2, '0000-00-00', 'escarabajo', 10),
(1025, 1, '2023-09-05', 'Porc senglar', 10),
(1025, 2, '2009-05-23', 'jabalí', 10),
(1026, 1, '2023-09-11', 'esponja', 10),
(1026, 2, '2009-11-23', 'esponja', 10),
(1027, 1, '2023-09-11', 'bota', 10),
(1027, 2, '2009-11-23', 'bota', 10),
(1028, 1, '2023-09-11', 'guant', 10),
(1028, 2, '2009-11-23', 'guante', 10),
(1029, 1, '2023-09-11', 'sabata', 10),
(1029, 2, '2009-11-23', 'zapato', 10),
(1030, 1, '2023-09-11', 'mitjo', 10),
(1030, 2, '2009-11-23', 'calcetín', 10),
(1031, 1, '2023-09-11', 'armilla', 10),
(1031, 2, '2009-11-23', 'armilla', 10),
(1032, 1, '2023-09-11', 'bossa de mà', 10),
(1032, 2, '2009-11-23', 'bolso', 10),
(1033, 1, '2023-09-11', 'disfressa', 10),
(1033, 2, '2009-11-23', 'disfraz', 10),
(1034, 1, '2023-09-11', 'màscara', 10),
(1034, 2, '2009-11-23', 'máscara', 10),
(1035, 1, '2023-09-11', 'patata', 10),
(1035, 2, '2009-11-23', 'patata', 10),
(1036, 1, '2023-09-14', 'all', 10),
(1036, 2, '0000-00-00', 'ajo', 10),
(1037, 1, '2023-09-11', 'ceba', 10),
(1037, 2, '2009-11-23', 'cebolla', 10),
(1038, 1, '2023-09-11', 'correu electrònic', 10),
(1038, 2, '2009-11-23', 'correo electrónico', 10),
(1039, 1, '2023-09-05', 'Molt bé', 10),
(1039, 2, '2009-05-23', 'Muy bien', 10),
(1040, 1, '2023-09-05', 'A quina hora?', 10),
(1040, 2, '2009-05-23', '¿A qué hora?', 10),
(1041, 1, '2023-09-05', 'Serveix per...', 10),
(1041, 2, '2009-05-23', 'Sirve para…', 10),
(1042, 1, '2023-09-05', 'Fet de...', 10),
(1042, 2, '2009-05-23', 'Hecho de…', 10),
(1043, 1, '2023-09-05', 'capellà', 10),
(1043, 2, '2009-05-23', 'párroco', 10),
(1044, 1, '2023-09-14', 'Fer caca', 10),
(1044, 2, '0000-00-00', 'Hacer caca', 10),
(1045, 1, '2023-09-14', 'Fer pipí', 10),
(1045, 2, '0000-00-00', 'Hacer pipi', 10),
(1046, 1, '2023-09-11', 'xilòfon', 10),
(1046, 2, '2009-11-23', 'xilófono', 10),
(1047, 1, '2023-09-11', 'cistell', 10),
(1047, 2, '2009-11-23', 'cesto', 10),
(1048, 1, '2023-09-14', 'màrfega', 10),
(1048, 2, '0000-00-00', 'colchoneta', 10),
(1049, 1, '2023-09-11', 'carmanyola', 10),
(1049, 2, '2009-11-23', 'fiambrera', 10),
(1050, 1, '2023-09-15', 'loteria', 10),
(1050, 2, '0000-00-00', 'lotería', 10),
(1051, 1, '2023-09-15', 'joc', 10),
(1051, 2, '0000-00-00', 'juego', 10),
(1052, 1, '2023-09-12', 'deures', 10),
(1052, 2, '2009-12-23', 'deberes', 10),
(1053, 1, '2023-09-12', 'naturals', 10),
(1053, 2, '2009-12-23', 'naturales', 10),
(1054, 1, '2023-09-12', 'socials', 10),
(1054, 2, '2009-12-23', 'sociales', 10),
(1055, 1, '2023-09-13', 'florejat', 10),
(1055, 2, '0000-00-00', 'floreado', 10),
(1056, 1, '2023-09-13', 'Quin és el teu color preferit?', 10),
(1056, 2, '0000-00-00', '¿Cuál es tu color favorito?', 10),
(1057, 1, '2023-09-13', 'Què t\'agrada veure a la tele?', 10),
(1057, 2, '0000-00-00', '¿Qué te gusta ver en la tele?', 10),
(1058, 1, '2023-09-13', 'Què t\'agrada?', 10),
(1058, 2, '0000-00-00', '¿Qué te gusta?', 10),
(1059, 1, '2023-09-13', 'Quants anys fas?', 10),
(1059, 2, '0000-00-00', '¿Cuántos años cumples?', 10),
(1060, 1, '2023-09-13', 'On vius?', 10),
(1060, 2, '0000-00-00', '¿Dónde vives?', 10),
(1061, 1, '2023-09-05', 'Amb', 10),
(1061, 2, '2009-05-23', 'Con', 10),
(1062, 1, '2023-09-05', 'De', 10),
(1062, 2, '2009-05-23', 'De', 10),
(1063, 1, '2023-09-05', 'Per', 10),
(1063, 2, '2009-05-23', 'Por', 10),
(1064, 1, '2023-09-05', 'O', 10),
(1064, 2, '2009-05-23', 'O', 10),
(1065, 1, '2023-09-05', 'A', 10),
(1065, 2, '2009-05-23', 'A', 10),
(1066, 1, '2023-09-05', 'Al', 10),
(1066, 2, '2009-05-23', 'Al', 10),
(1067, 1, '2023-09-05', 'Un', 10),
(1067, 2, '2009-05-23', 'Un', 10),
(1068, 1, '2023-09-05', 'Una', 10),
(1068, 2, '2009-05-23', 'Una', 10),
(1069, 1, '2023-09-05', 'Uns', 10),
(1069, 2, '2009-05-23', 'Unos', 10),
(1070, 1, '2023-09-05', 'Unes', 10),
(1070, 2, '2009-05-23', 'Unas', 10),
(1071, 1, '2023-09-05', 'Els', 10),
(1071, 2, '2009-05-23', 'Los', 10),
(1072, 1, '2023-09-05', 'Les', 10),
(1072, 2, '2009-05-23', 'Las', 10),
(1073, 1, '2023-09-05', 'La', 10),
(1073, 2, '2009-05-23', 'La', 10),
(1074, 1, '2023-09-05', 'El', 10),
(1074, 2, '2009-05-23', 'El', 10),
(1075, 1, '2023-08-14', 'Fotocopiar', 10),
(1075, 2, '0000-00-00', 'fotocopiar', 10),
(1076, 1, '2023-09-04', 'torrar', 10),
(1076, 2, '2009-04-23', 'tostar', 10),
(1077, 1, '2023-09-04', 'tornar', 10),
(1077, 2, '2009-04-23', 'volver', 10),
(1078, 1, '2023-09-04', 'desvestir-se', 10),
(1078, 2, '2009-04-23', 'desvestirse', 10),
(1079, 1, '2023-09-04', 'enfilar', 10),
(1079, 2, '2009-04-23', 'hilar', 10),
(1080, 1, '2023-09-04', 'telefonar', 10),
(1080, 2, '2009-04-23', 'telefonar', 10),
(1081, 1, '2023-09-04', 'besar', 10),
(1081, 2, '2009-04-23', 'besar', 10),
(1082, 1, '2023-09-04', 'rascar-se', 10),
(1082, 2, '2009-04-23', 'rascarse', 10),
(1083, 1, '2023-09-04', 'convidar', 10),
(1083, 2, '2009-04-23', 'invitar', 10),
(1084, 1, '2023-09-05', 'pingüí', 10),
(1084, 2, '2009-05-23', 'pingüino', 10),
(1085, 1, '2023-09-12', 'sensació', 10),
(1085, 2, '2009-12-23', 'sensación', 10),
(1086, 1, '2023-09-13', 'forma', 10),
(1086, 2, '0000-00-00', 'forma', 10),
(1087, 1, '2023-09-13', 'rombe', 10),
(1087, 2, '0000-00-00', 'rombo', 10),
(1088, 1, '2023-09-14', 'aliments', 10),
(1088, 2, '0000-00-00', 'alimentos', 10),
(1089, 1, '2023-09-14', 'torró', 10),
(1089, 2, '0000-00-00', 'turrón', 10),
(1090, 1, '2023-09-14', 'Estic malament', 10),
(1090, 2, '0000-00-00', 'Estoy mal', 10),
(1091, 1, '2023-09-15', 'assecar', 10),
(1091, 2, '0000-00-00', 'secar', 10),
(1092, 1, '2023-09-15', 'estrany', 10),
(1092, 2, '0000-00-00', 'estraño', 10),
(1093, 1, '2023-09-15', 'cremant', 10),
(1093, 2, '0000-00-00', 'quemando', 10),
(1094, 1, '2023-09-15', 'congelat', 10),
(1094, 2, '0000-00-00', 'congelado', 10);


INSERT INTO `AdjectiveCA` (`adjid`, `masc`, `fem`, `mascpl`, `fempl`, `defaultverb`, `subjdef`) VALUES
(1018, 'equivocat', 'equivocada', 'equivocats', 'equivocades', 100, '3'),
(1055, 'florejat', 'florejada', 'florejats', 'florejades', 100, '3'),
(1092, 'estrany', 'estranya', 'estranys', 'estranyes', 86, '3'),
(1093, 'cremant', 'cremant', 'cremant', 'cremant', 100, '3'),
(1094, 'congelat', 'congelada', 'congelats', 'congelades', 100, '3');


INSERT INTO `AdjClassCA` (`adjid`, `class`) VALUES
(1018, 'all'),
(1055, 'color'),
(1055, 'objecte'),
(1092, 'all'),
(1093, 'menjar'),
(1093, 'objecte'),
(1094, 'menjar'),
(1094, 'objecte');


INSERT INTO `NameCA` (`nameid`, `nomtext`, `mf`, `singpl`, `contabincontab`, `determinat`, `ispropernoun`, `defaultverb`, `plural`, `femeni`, `fempl`) VALUES
(910, 'vampir', 'masc', 'sing', 'contable', '1', '0', 0, 'vampirs', 'vampiressa', 'vampiresses'),
(911, 'cosina', 'fem', 'sing', 'contable', '1', '0', 0, 'cosines', NULL, NULL),
(912, 'tieta', 'fem', 'sing', 'contable', '1', '0', 0, 'tietes', NULL, NULL),
(913, 'nadó', 'masc', 'sing', 'contable', '1', '0', 0, 'nadons', NULL, NULL),
(914, 'ase', 'masc', 'sing', 'contable', '0', '0', 0, 'ases', NULL, NULL),
(915, 'ovella', 'fem', 'sing', 'contable', '0', '0', 0, 'ovelles', NULL, NULL),
(916, 'Vull anar a...', 'masc', 'sing', 'incontable', 'sense', '0', 0, 'Vull anar a...', NULL, NULL),
(917, 'anelles', 'fem', 'pl', 'incontable', '1', '0', 0, 'anelles', NULL, NULL),
(918, 'construccions', 'fem', 'pl', 'contable', 'sense', '0', 0, 'construccions', NULL, NULL),
(919, 'fireta', 'fem', 'sing', 'contable', 'sense', '0', 0, 'firetes', NULL, NULL),
(920, 'puzle', 'masc', 'sing', 'contable', '1', '0', 0, 'puzles', NULL, NULL),
(921, 'cromos', 'masc', 'pl', 'contable', 'sense', '0', 0, 'cromos', NULL, NULL),
(922, 'dau', 'masc', 'sing', 'contable', '1', '0', 0, 'daus', NULL, NULL),
(923, 'galleda', 'fem', 'sing', 'contable', '1', '0', 0, 'galledes', NULL, NULL),
(924, 'titella', 'masc', 'sing', 'contable', '1', '0', 0, 'titelles', NULL, NULL),
(925, 'bales', 'fem', 'pl', 'contable', '1', '0', 0, 'bales', NULL, NULL),
(926, 'tobogan', 'masc', 'sing', 'contable', '1', '0', 0, 'tobogans', NULL, NULL),
(927, 'gronxador', 'masc', 'sing', 'contable', '1', '0', 0, 'gronxadors', NULL, NULL),
(928, 'bombolles', 'fem', 'pl', 'contable', '1', '0', 0, 'bombolles', NULL, NULL),
(929, 'Oca', 'fem', 'sing', 'incontable', '1', '1', 0, 'Oca', NULL, NULL),
(930, 'parxís', 'masc', 'sing', 'incontable', '1', '0', 0, 'parxís', NULL, NULL),
(931, 'eslàlom', 'masc', 'sing', 'contable', '1', '0', 0, 'eslàloms', NULL, NULL),
(932, 'objecte', 'masc', 'sing', 'contable', '0', '0', 0, 'objectes', NULL, NULL),
(933, 'cola d\'enganxar', 'fem', 'sing', 'incontable', '1', '0', 0, 'cola d\'enganxar', NULL, NULL),
(934, 'punxó', 'masc', 'sing', 'contable', '1', '0', 0, 'punxons', NULL, NULL),
(935, 'gomets', 'masc', 'pl', 'contable', '1', '0', 0, 'gomets', NULL, NULL),
(936, 'cistella', 'fem', 'sing', 'contable', '1', '0', 0, 'cistelles', NULL, NULL),
(937, 'pandereta', 'fem', 'sing', 'contable', '1', '0', 0, 'panderetes', NULL, NULL),
(938, 'maraca', 'fem', 'sing', 'contable', '1', '0', 0, 'maraques', NULL, NULL),
(939, 'caixa xinesa', 'fem', 'sing', 'contable', '1', '0', 0, 'caixes xineses', NULL, NULL),
(940, 'picarol', 'masc', 'sing', 'contable', '1', '0', 0, 'picarols', NULL, NULL),
(941, 'sac de dormir', 'masc', 'sing', 'contable', '1', '0', 0, 'sacs de dormir', NULL, NULL),
(942, 'escombraries', 'fem', 'pl', 'incontable', '1', '0', 0, 'escombraries', NULL, NULL),
(943, 'clau', 'fem', 'sing', 'contable', '1', '0', 0, 'claus', NULL, NULL),
(944, 'quadres', 'masc', 'pl', 'contable', 'sense', '0', 0, 'quadres', NULL, NULL),
(945, 'topos', 'masc', 'pl', 'contable', 'sense', '0', 0, 'topos', NULL, NULL),
(946, 'ratlles', 'fem', 'pl', 'contable', 'sense', '0', 0, 'ratlles', NULL, NULL),
(947, 'mida', 'fem', 'sing', 'contable', '1', '0', 0, 'mides', NULL, NULL),
(948, 'cor', 'masc', 'sing', 'contable', '1', '0', 0, 'cors', NULL, NULL),
(949, 'segon', 'masc', 'sing', 'contable', '0', '0', 0, 'segons', NULL, NULL),
(950, 'tro', 'masc', 'sing', 'contable', '0', '0', 0, 'trons', NULL, NULL),
(951, 'llamp', 'masc', 'sing', 'contable', '0', '0', 0, 'llamps', NULL, NULL),
(952, 'residència', 'fem', 'sing', 'contable', '1', '0', 0, 'residències', NULL, NULL),
(953, 'forn de pa', 'masc', 'sing', 'contable', '1', '0', 0, 'forns de pa', NULL, NULL),
(954, 'benzinera', 'fem', 'sing', 'contable', '1', '0', 0, 'benzineres', NULL, NULL),
(955, 'pizzeria', 'fem', 'sing', 'contable', '1', '0', 0, 'pizzeries', NULL, NULL),
(956, 'circ', 'masc', 'sing', 'contable', '1', '0', 0, 'circs', NULL, NULL),
(957, 'hotel', 'masc', 'sing', 'contable', '1', '0', 0, 'hotels', NULL, NULL),
(958, 'correus', 'masc', 'pl', 'contable', 'sense', '0', 0, 'correus', NULL, NULL),
(959, 'comissaria', 'fem', 'sing', 'contable', '1', '0', 0, 'comissaries', NULL, NULL),
(960, 'presó', 'fem', 'sing', 'contable', '1', '0', 0, 'presons', NULL, NULL),
(961, 'lavabo', 'masc', 'sing', 'contable', '1', '0', 0, 'lavabos', NULL, NULL),
(962, 'prestatgeria', 'fem', 'sing', 'contable', '1', '0', 0, 'prestatgeries', NULL, NULL),
(963, 'làmpada', 'fem', 'sing', 'contable', '1', '0', 0, 'làmpades', NULL, NULL),
(964, 'rampa', 'fem', 'sing', 'contable', '1', '0', 0, 'rampes', NULL, NULL),
(965, 'caminador', 'masc', 'sing', 'contable', '1', '0', 0, 'caminadors', NULL, NULL),
(966, 'bipedestador', 'masc', 'sing', 'contable', '1', '0', 0, 'bipedestadors', NULL, NULL),
(967, 'camilla', 'fem', 'sing', 'contable', '1', '0', 0, 'camilles', NULL, NULL),
(968, 'impressora', 'fem', 'sing', 'contable', '1', '0', 0, 'impressores', NULL, NULL),
(969, 'timbre', 'masc', 'sing', 'contable', '1', '0', 0, 'timbres', NULL, NULL),
(970, 'commutador', 'masc', 'sing', 'contable', '1', '0', 0, 'commutadors', NULL, NULL),
(971, 'vehicle', 'masc', 'sing', 'contable', '0', '0', 0, 'vehicles', NULL, NULL),
(972, 'patinet', 'masc', 'sing', 'contable', '1', '0', 0, 'patinets', NULL, NULL),
(973, 'monopatí', 'masc', 'sing', 'contable', '1', '0', 0, 'monopatins', NULL, NULL),
(974, 'caravana', 'fem', 'sing', 'contable', '1', '0', 0, 'caravanes', NULL, NULL),
(975, 'coet', 'masc', 'sing', 'contable', '0', '0', 0, 'coets', NULL, NULL),
(976, 'trineu', 'masc', 'sing', 'contable', '0', '0', 0, 'trineus', NULL, NULL),
(977, 'cadira amb motor', 'fem', 'sing', 'contable', '1', '0', 0, 'cadires amb motor', NULL, NULL),
(978, 'volant', 'masc', 'sing', 'contable', '1', '0', 0, 'volants', NULL, NULL),
(979, 'accident', 'masc', 'sing', 'contable', '0', '0', 0, 'accidents', NULL, NULL),
(980, 'aquí', 'masc', 'sing', 'incontable', 'sense', '0', 86, 'aquí', NULL, NULL),
(981, 'allà', 'masc', 'sing', 'incontable', 'sense', '0', 86, 'allà', NULL, NULL),
(982, 'a baix', 'masc', 'sing', 'incontable', 'sense', '0', 0, 'a baix', NULL, NULL),
(983, 'entre', 'masc', 'sing', 'contable', 'sense', '0', 0, 'entre', NULL, NULL),
(984, 'a prop', 'masc', 'sing', 'incontable', 'sense', '0', 0, 'a prop', NULL, NULL),
(985, 'al costat', 'masc', 'sing', 'incontable', 'sense', '0', 0, 'al costat', NULL, NULL),
(986, 'Tió', 'masc', 'sing', 'contable', '1', '1', 0, 'Tió', NULL, NULL),
(987, 'pessebre', 'masc', 'sing', 'contable', '1', '0', 0, 'pessebres', NULL, NULL),
(988, 'carnaval', 'masc', 'sing', 'contable', '1', '1', 0, 'carnavals', NULL, NULL),
(989, 'Mona', 'fem', 'sing', 'contable', '1', '1', 0, 'Mones', NULL, NULL),
(990, 'excursió', 'fem', 'sing', 'contable', '1', '0', 0, 'excursions', NULL, NULL),
(991, 'logopèdia', 'fem', 'sing', 'incontable', 'sense', '0', 0, '', NULL, NULL),
(992, 'fisiotràpia', 'fem', 'sing', 'incontable', 'sense', '0', 0, 'fisiotràpia', NULL, NULL),
(993, 'encàrrec', 'masc', 'sing', 'contable', '0', '0', 44, 'encàrrecs', NULL, NULL),
(994, 'passar llista', 'masc', 'sing', 'incontable', 'sense', '0', 772, 'passar llista', NULL, NULL),
(995, 'gimnàstica', 'fem', 'sing', 'contable', 'sense', '0', 0, 'gimnàstica', NULL, NULL),
(996, 'llengua', 'fem', 'sing', 'incontable', 'sense', '1', 0, 'llengües', NULL, NULL),
(997, 'matemàtiques', 'fem', 'pl', 'incontable', '1', '1', 0, 'matemàtiques', NULL, NULL),
(998, 'teclat', 'masc', 'sing', 'contable', '1', '0', 0, 'teclats', NULL, NULL),
(999, 'expressions', 'fem', 'pl', 'contable', '1', '0', 0, 'expressions', NULL, NULL),
(1000, 'bata', 'fem', 'sing', 'contable', '1', '0', 0, 'bates', NULL, NULL),
(1001, 'davantal', 'masc', 'sing', 'contable', '1', '0', 0, 'davantals', NULL, NULL),
(1002, 'boto', 'masc', 'sing', 'contable', '0', '0', 0, 'botons', NULL, NULL),
(1003, 'bolquer', 'masc', 'sing', 'contable', '1', '0', 0, 'bolquers', NULL, NULL),
(1004, 'corbata', 'fem', 'sing', 'contable', '0', '0', 0, 'corbates', NULL, NULL),
(1005, 'arracada', 'fem', 'sing', 'contable', '1', '0', 0, 'arracades', NULL, NULL),
(1006, 'butxaca', 'fem', 'sing', 'contable', '1', '0', 0, 'butxaques', NULL, NULL),
(1007, 'cremallera', 'fem', 'sing', 'contable', '1', '0', 0, 'cremalleres', NULL, NULL),
(1008, 'pastanaga', 'fem', 'sing', 'contable', 'sense', '0', 0, 'pastanagues', NULL, NULL),
(1009, 'Quin és el teu menjar preferit?', 'masc', 'sing', 'incontable', 'sense', '0', 0, 'Quin és el teu menjar preferit?', NULL, NULL),
(1010, 'Quin és el teu esport preferit?', 'masc', 'sing', 'incontable', 'sense', '0', 0, 'Quin és el teu esport preferit?', NULL, NULL),
(1011, 'Quina música t\'agrada?', 'masc', 'sing', 'incontable', 'sense', '0', 0, 'Quina música t\'agrada?', NULL, NULL),
(1012, 'Què no t\'agrada?', 'masc', 'sing', 'incontable', 'sense', '0', 0, 'Què no t\'agrada?', NULL, NULL),
(1013, 'Quines aficions tens?', 'masc', 'sing', 'incontable', 'sense', '0', 0, 'Quines aficions tens?', NULL, NULL),
(1014, 'Tens animals?', 'masc', 'sing', 'incontable', 'sense', '0', 0, 'Tens animals?', NULL, NULL),
(1015, 'Com és la teva família?', 'masc', 'sing', 'incontable', 'sense', '0', 0, 'Com és la teva família?', NULL, NULL),
(1016, 'On vas?', 'masc', 'sing', 'incontable', 'sense', '0', 0, 'On vas?', NULL, NULL),
(1017, 'Quants anys tens?', 'masc', 'sing', 'incontable', 'sense', '0', 0, 'Quants anys tens?', NULL, NULL),
(1019, 'peces', 'fem', 'pl', 'contable', '1', '0', 0, 'peces', NULL, NULL),
(1020, 'veig veig', 'masc', 'sing', 'incontable', '1', '0', 0, 'veig veig', NULL, NULL),
(1021, 'a dalt', 'masc', 'sing', 'incontable', 'sense', '0', 0, 'a dalt', NULL, NULL),
(1022, 'picor', 'fem', 'sing', 'incontable', 'sense', '0', 0, 'picor', NULL, NULL),
(1023, 'ruc', 'masc', 'sing', 'contable', '0', '0', 0, 'rucs', NULL, NULL),
(1024, 'cuca', 'fem', 'sing', 'contable', '0', '0', 0, 'cuques', NULL, NULL),
(1025, 'Porc senglar', 'masc', 'sing', 'contable', '0', '0', 0, 'Porcs senglars', NULL, NULL),
(1026, 'esponja', 'fem', 'sing', 'contable', '1', '0', 0, 'esponges', NULL, NULL),
(1027, 'bota', 'fem', 'sing', 'contable', '1', '0', 0, 'botes', NULL, NULL),
(1028, 'guant', 'masc', 'sing', 'contable', '1', '0', 0, 'guants', NULL, NULL),
(1029, 'sabata', 'fem', 'sing', 'contable', '1', '0', 0, 'sabates', NULL, NULL),
(1030, 'mitjo', 'masc', 'sing', 'contable', '1', '0', 0, 'mitjons', NULL, NULL),
(1031, 'armilla', 'fem', 'sing', 'contable', '1', '0', 0, 'armilles', NULL, NULL),
(1032, 'bossa de mà', 'fem', 'sing', 'contable', '1', '0', 0, 'bosses de mà', NULL, NULL),
(1033, 'disfressa', 'fem', 'sing', 'contable', '1', '0', 0, 'disfresses', NULL, NULL),
(1034, 'màscara', 'fem', 'sing', 'contable', '1', '0', 0, 'màscares', NULL, NULL),
(1035, 'patata', 'fem', 'sing', 'contable', 'sense', '0', 0, 'patates', NULL, NULL),
(1036, 'all', 'masc', 'sing', 'contable', 'sense', '0', 0, 'alls', NULL, NULL),
(1037, 'ceba', 'fem', 'sing', 'contable', 'sense', '0', 0, 'cebes', NULL, NULL),
(1038, 'correu electrònic', 'masc', 'sing', 'contable', '1', '0', 0, 'correus electrònics', NULL, NULL),
(1039, 'Molt bé', 'masc', 'sing', 'contable', '1', '0', 0, 'Molt bé', NULL, NULL),
(1040, 'A quina hora?', 'masc', 'sing', 'incontable', 'sense', '0', 0, 'A quina hora?', NULL, NULL),
(1041, 'Serveix per...', 'masc', 'sing', 'incontable', 'sense', '0', 0, 'Serveix per...', NULL, NULL),
(1042, 'Fet de...', 'masc', 'sing', 'incontable', 'sense', '0', 0, 'Fet de...', NULL, NULL),
(1043, 'capellà', 'masc', 'sing', 'contable', '1', '0', 0, 'capellans', NULL, NULL),
(1044, 'Fer caca', 'masc', 'sing', 'incontable', 'sense', '0', 0, 'Fer caca', NULL, NULL),
(1045, 'Fer pipí', 'masc', 'sing', 'incontable', 'sense', '0', 0, 'Fer pipí', NULL, NULL),
(1046, 'xilòfon', 'masc', 'sing', 'contable', '1', '0', 0, 'xilòfons', NULL, NULL),
(1047, 'cistell', 'masc', 'sing', 'contable', '0', '0', 0, 'cistells', NULL, NULL),
(1048, 'màrfega', 'fem', 'sing', 'contable', '0', '0', 0, 'màrfegues', NULL, NULL),
(1049, 'carmanyola', 'fem', 'sing', 'contable', '1', '0', 0, 'carmanyoles', NULL, NULL),
(1050, 'loteria', 'fem', 'sing', 'contable', '1', '0', 0, 'loteries', NULL, NULL),
(1051, 'joc', 'masc', 'sing', 'contable', '1', '0', 0, 'jocs', NULL, NULL),
(1052, 'deures', 'masc', 'pl', 'contable', '1', '0', 0, 'deures', NULL, NULL),
(1053, 'naturals', 'fem', 'pl', 'incontable', 'sense', '1', 0, 'naturals', NULL, NULL),
(1054, 'socials', 'fem', 'pl', 'incontable', 'sense', '1', 0, 'socials', NULL, NULL),
(1056, 'Quin és el teu color preferit?', 'masc', 'sing', 'incontable', 'sense', '0', 0, 'Quin és el teu color preferit?', NULL, NULL),
(1057, 'Què t\'agrada veure a la tele?', 'masc', 'sing', 'incontable', 'sense', '0', 0, 'Què t\'agrada veure a la tele?', NULL, NULL),
(1058, 'Què t\'agrada?', 'masc', 'sing', 'incontable', 'sense', '0', 0, 'Què t\'agrada?', NULL, NULL),
(1059, 'Quants anys fas?', 'masc', 'sing', 'incontable', 'sense', '0', 0, 'Quants anys fas?', NULL, NULL),
(1060, 'On vius?', 'masc', 'sing', 'incontable', 'sense', '0', 0, 'On vius?', NULL, NULL),
(1061, 'Amb', 'masc', 'sing', 'contable', 'sense', '0', 0, 'Amb', NULL, NULL),
(1062, 'De', 'masc', 'sing', 'contable', '1', '0', 0, 'De', NULL, NULL),
(1063, 'Per', 'masc', 'sing', 'contable', '1', '0', 0, 'Per', NULL, NULL),
(1064, 'O', 'masc', 'sing', 'contable', '1', '0', 0, 'O', NULL, NULL),
(1065, 'A', 'masc', 'sing', 'contable', 'sense', '0', 0, 'A', NULL, NULL),
(1066, 'Al', 'masc', 'sing', 'contable', '1', '0', 0, 'Al', NULL, NULL),
(1067, 'Un', 'masc', 'sing', 'contable', '1', '0', 0, 'Un', NULL, NULL),
(1068, 'Una', 'masc', 'sing', 'contable', '1', '0', 0, 'Una', NULL, NULL),
(1069, 'Uns', 'masc', 'sing', 'contable', '1', '0', 0, 'Uns', NULL, NULL),
(1070, 'Unes', 'masc', 'sing', 'contable', '1', '0', 0, 'Unes', NULL, NULL),
(1071, 'Els', 'masc', 'sing', 'contable', '1', '0', 0, 'Els', NULL, NULL),
(1072, 'Les', 'masc', 'sing', 'contable', '1', '0', 0, 'Les', NULL, NULL),
(1073, 'La', 'masc', 'sing', 'contable', '1', '0', 0, 'La', NULL, NULL),
(1074, 'El', 'masc', 'sing', 'contable', '1', '0', 0, 'El', NULL, NULL),
(1084, 'pingüí', 'masc', 'sing', 'contable', '0', '0', 0, 'pingüins', NULL, NULL),
(1085, 'sensació', 'fem', 'sing', 'contable', '0', '0', 0, 'sensacions', NULL, NULL),
(1086, 'forma', 'fem', 'sing', 'contable', '1', '0', 0, 'formes', NULL, NULL),
(1087, 'rombe', 'masc', 'sing', 'contable', '1', '0', 0, 'rombes', NULL, NULL),
(1088, 'aliments', 'masc', 'pl', 'incontable', 'sense', '0', 0, 'aliments', NULL, NULL),
(1089, 'torró', 'masc', 'sing', 'contable', 'sense', '0', 0, 'torrons', NULL, NULL),
(1090, 'Estic malament', 'masc', 'sing', 'incontable', 'sense', '0', 0, 'Estic malament', NULL, NULL);


INSERT INTO `NameClassCA` (`nameid`, `class`) VALUES
(910, 'human'),
(910, 'profession'),
(911, 'human'),
(912, 'human'),
(913, 'human'),
(914, 'animal'),
(915, 'animal'),
(916, 'abstracte'),
(917, 'joc'),
(918, 'joc'),
(919, 'joc'),
(920, 'joc'),
(921, 'joc'),
(922, 'joc'),
(922, 'objecte'),
(923, 'lloc'),
(923, 'objecte'),
(924, 'animal'),
(924, 'joc'),
(925, 'joc'),
(925, 'objecte'),
(926, 'joc'),
(926, 'lloc'),
(927, 'joc'),
(927, 'lloc'),
(928, 'joc'),
(929, 'joc'),
(930, 'joc'),
(931, 'event'),
(931, 'joc'),
(932, 'objecte'),
(933, 'objecte'),
(934, 'objecte'),
(935, 'objecte'),
(936, 'lloc'),
(936, 'objecte'),
(937, 'objecte'),
(938, 'objecte'),
(939, 'objecte'),
(940, 'objecte'),
(941, 'lloc'),
(941, 'objecte'),
(942, 'objecte'),
(943, 'objecte'),
(944, 'material'),
(945, 'material'),
(946, 'material'),
(947, 'abstracte'),
(948, 'cos'),
(948, 'forma'),
(949, 'hora'),
(949, 'time'),
(950, 'animate'),
(950, 'time'),
(951, 'animate'),
(951, 'time'),
(952, 'lloc'),
(953, 'lloc'),
(954, 'lloc'),
(955, 'lloc'),
(956, 'event'),
(956, 'lloc'),
(957, 'lloc'),
(958, 'lloc'),
(959, 'lloc'),
(960, 'lloc'),
(961, 'lloc'),
(962, 'objecte'),
(963, 'objecte'),
(964, 'lloc'),
(964, 'objecte'),
(965, 'vehicle'),
(966, 'lloc'),
(966, 'objecte'),
(967, 'lloc'),
(967, 'objecte'),
(968, 'objecte'),
(969, 'objecte'),
(970, 'objecte'),
(971, 'vehicle'),
(972, 'vehicle'),
(973, 'vehicle'),
(974, 'vehicle'),
(975, 'vehicle'),
(976, 'vehicle'),
(977, 'vehicle'),
(978, 'objecte'),
(979, 'event'),
(979, 'objecte'),
(980, 'lloc'),
(981, 'lloc'),
(982, 'lloc'),
(983, 'lloc'),
(984, 'lloc'),
(985, 'lloc'),
(986, 'event'),
(987, 'lloc'),
(987, 'objecte'),
(988, 'event'),
(989, 'event'),
(990, 'event'),
(990, 'lloc'),
(991, 'event'),
(991, 'lloc'),
(992, 'event'),
(992, 'lloc'),
(993, 'abstracte'),
(993, 'event'),
(994, 'abstracte'),
(995, 'event'),
(995, 'lloc'),
(996, 'event'),
(996, 'lloc'),
(997, 'abstracte'),
(997, 'event'),
(998, 'objecte'),
(999, 'abstracte'),
(1000, 'objecte'),
(1001, 'objecte'),
(1002, 'objecte'),
(1003, 'objecte'),
(1004, 'objecte'),
(1005, 'objecte'),
(1006, 'lloc'),
(1006, 'objecte'),
(1007, 'objecte'),
(1008, 'menjar'),
(1009, 'abstracte'),
(1010, 'abstracte'),
(1011, 'abstracte'),
(1012, 'abstracte'),
(1013, 'abstracte'),
(1014, 'abstracte'),
(1015, 'abstracte'),
(1016, 'abstracte'),
(1017, 'abstracte'),
(1019, 'joc'),
(1019, 'objecte'),
(1020, 'joc'),
(1021, 'lloc'),
(1022, 'abstracte'),
(1023, 'animal'),
(1024, 'animal'),
(1025, 'animal'),
(1026, 'objecte'),
(1027, 'objecte'),
(1028, 'objecte'),
(1029, 'objecte'),
(1030, 'objecte'),
(1031, 'objecte'),
(1032, 'objecte'),
(1033, 'objecte'),
(1034, 'objecte'),
(1035, 'menjar'),
(1036, 'menjar'),
(1037, 'menjar'),
(1038, 'objecte'),
(1039, 'abstracte'),
(1040, 'time'),
(1041, 'abstracte'),
(1042, 'abstracte'),
(1043, 'human'),
(1044, 'abstracte'),
(1045, 'abstracte'),
(1046, 'objecte'),
(1047, 'objecte'),
(1048, 'lloc'),
(1048, 'objecte'),
(1049, 'lloc'),
(1049, 'objecte'),
(1050, 'joc'),
(1050, 'objecte'),
(1051, 'inanimate'),
(1051, 'joc'),
(1052, 'event'),
(1052, 'objecte'),
(1053, 'event'),
(1053, 'lloc'),
(1054, 'event'),
(1054, 'lloc'),
(1056, 'abstracte'),
(1057, 'abstracte'),
(1058, 'abstracte'),
(1059, 'abstracte'),
(1060, 'abstracte'),
(1061, 'abstracte'),
(1062, 'abstracte'),
(1063, 'abstracte'),
(1064, 'abstracte'),
(1065, 'abstracte'),
(1066, 'abstracte'),
(1067, 'abstracte'),
(1068, 'abstracte'),
(1069, 'abstracte'),
(1070, 'abstracte'),
(1071, 'abstracte'),
(1072, 'abstracte'),
(1073, 'abstracte'),
(1074, 'abstracte'),
(1084, 'animal'),
(1085, 'abstracte'),
(1086, 'abstracte'),
(1087, 'forma'),
(1088, 'menjar'),
(1089, 'menjar'),
(1090, 'abstracte');


INSERT INTO `VerbCA` (`verbid`, `verbtext`, `actiu`) VALUES
(1075, 'Fotocopiar', '1'),
(1076, 'torrar', '1'),
(1077, 'tornar', '1'),
(1078, 'desvestir-se', '1'),
(1079, 'enfilar', '1'),
(1080, 'telefonar', '1'),
(1081, 'besar', '1'),
(1082, 'rascar-se', '1'),
(1083, 'convidar', '1'),
(1091, 'assecar', '1');


INSERT INTO `VerbConjugationCA` (`verbid`, `tense`, `pers`, `singpl`, `verbconj`) VALUES
(1075, 'futur', 1, 'sing', 'fotocopiaré'),
(1075, 'futur', 1, 'pl', 'fotocopiarem'),
(1075, 'futur', 2, 'sing', 'fotocopiaràs'),
(1075, 'futur', 2, 'pl', 'fotocopiareu'),
(1075, 'futur', 3, 'sing', 'fotocopiarà'),
(1075, 'futur', 3, 'pl', 'fotocopiaran'),
(1075, 'gerundi', 0, 'sing', 'fotocopiant'),
(1075, 'imperatiu', 1, 'pl', 'fotocopiem'),
(1075, 'imperatiu', 2, 'sing', 'fotocopia'),
(1075, 'imperatiu', 2, 'pl', 'fotocopieu'),
(1075, 'imperatiu', 3, 'sing', 'fotocopiï'),
(1075, 'imperatiu', 3, 'pl', 'fotocopiïn'),
(1075, 'imperfecte', 1, 'sing', 'fotocopiava'),
(1075, 'imperfecte', 1, 'pl', 'fotocopiàvem'),
(1075, 'imperfecte', 2, 'sing', 'fotocopiaves'),
(1075, 'imperfecte', 2, 'pl', 'fotocopiàveu'),
(1075, 'imperfecte', 3, 'sing', 'fotocopiava'),
(1075, 'imperfecte', 3, 'pl', 'fotocopiaven'),
(1075, 'impsubj', 1, 'sing', 'fotocopiés'),
(1075, 'impsubj', 1, 'pl', 'fotocopiéssim'),
(1075, 'impsubj', 2, 'sing', 'fotocopiessis'),
(1075, 'impsubj', 2, 'pl', 'fotocopiéssiu'),
(1075, 'impsubj', 3, 'sing', 'fotocopiés'),
(1075, 'impsubj', 3, 'pl', 'fotocopiessin'),
(1075, 'infinitiu', 0, 'sing', 'fotocopiar'),
(1075, 'participi', 0, 'sing', 'fotocopiat'),
(1075, 'present', 1, 'sing', 'fotocopio'),
(1075, 'present', 1, 'pl', 'fotocopiem'),
(1075, 'present', 2, 'sing', 'fotocopies'),
(1075, 'present', 2, 'pl', 'fotocopieu'),
(1075, 'present', 3, 'sing', 'fotocopia'),
(1075, 'present', 3, 'pl', 'fotocopien'),
(1075, 'prsubj', 1, 'sing', 'fotocopiï'),
(1075, 'prsubj', 1, 'pl', 'fotocopiem'),
(1075, 'prsubj', 2, 'sing', 'fotocopiïs'),
(1075, 'prsubj', 2, 'pl', 'fotocopieu'),
(1075, 'prsubj', 3, 'sing', 'fotocopiï'),
(1075, 'prsubj', 3, 'pl', 'fotocopiïn'),
(1076, 'futur', 1, 'sing', 'torraré'),
(1076, 'futur', 1, 'pl', 'torrarem'),
(1076, 'futur', 2, 'sing', 'torraràs'),
(1076, 'futur', 2, 'pl', 'torrareu'),
(1076, 'futur', 3, 'sing', 'torrarà'),
(1076, 'futur', 3, 'pl', 'torraran'),
(1076, 'gerundi', 0, 'sing', 'torrant'),
(1076, 'imperatiu', 1, 'pl', 'torrem'),
(1076, 'imperatiu', 2, 'sing', 'torra'),
(1076, 'imperatiu', 2, 'pl', 'torreu'),
(1076, 'imperatiu', 3, 'sing', 'torri'),
(1076, 'imperatiu', 3, 'pl', 'torrin'),
(1076, 'imperfecte', 1, 'sing', 'torrava'),
(1076, 'imperfecte', 1, 'pl', 'torràvem'),
(1076, 'imperfecte', 2, 'sing', 'torraves'),
(1076, 'imperfecte', 2, 'pl', 'torràveu'),
(1076, 'imperfecte', 3, 'sing', 'torrava'),
(1076, 'imperfecte', 3, 'pl', 'torraven'),
(1076, 'impsubj', 1, 'sing', 'torrés'),
(1076, 'impsubj', 1, 'pl', 'torréssim'),
(1076, 'impsubj', 2, 'sing', 'torressis'),
(1076, 'impsubj', 2, 'pl', 'torréssiu'),
(1076, 'impsubj', 3, 'sing', 'torrés'),
(1076, 'impsubj', 3, 'pl', 'torressin'),
(1076, 'infinitiu', 0, 'sing', 'torrar'),
(1076, 'participi', 0, 'sing', 'torrat'),
(1076, 'present', 1, 'sing', 'torro'),
(1076, 'present', 1, 'pl', 'torrem'),
(1076, 'present', 2, 'sing', 'torres'),
(1076, 'present', 2, 'pl', 'torreu'),
(1076, 'present', 3, 'sing', 'torra'),
(1076, 'present', 3, 'pl', 'torren'),
(1076, 'prsubj', 1, 'sing', 'torri'),
(1076, 'prsubj', 1, 'pl', 'torrem'),
(1076, 'prsubj', 2, 'sing', 'torris'),
(1076, 'prsubj', 2, 'pl', 'torreu'),
(1076, 'prsubj', 3, 'sing', 'torri'),
(1076, 'prsubj', 3, 'pl', 'torrin'),
(1077, 'futur', 1, 'sing', 'tornaré'),
(1077, 'futur', 1, 'pl', 'tornarem'),
(1077, 'futur', 2, 'sing', 'tornaràs'),
(1077, 'futur', 2, 'pl', 'tornareu'),
(1077, 'futur', 3, 'sing', 'tornarà'),
(1077, 'futur', 3, 'pl', 'tornaran'),
(1077, 'gerundi', 0, 'sing', 'tornant'),
(1077, 'imperatiu', 1, 'pl', 'tornem'),
(1077, 'imperatiu', 2, 'sing', 'torna'),
(1077, 'imperatiu', 2, 'pl', 'torneu'),
(1077, 'imperatiu', 3, 'sing', 'torni'),
(1077, 'imperatiu', 3, 'pl', 'tornin'),
(1077, 'imperfecte', 1, 'sing', 'tornava'),
(1077, 'imperfecte', 1, 'pl', 'tornàvem'),
(1077, 'imperfecte', 2, 'sing', 'tornaves'),
(1077, 'imperfecte', 2, 'pl', 'tornàveu'),
(1077, 'imperfecte', 3, 'sing', 'tornava'),
(1077, 'imperfecte', 3, 'pl', 'tornaven'),
(1077, 'impsubj', 1, 'sing', 'tornés'),
(1077, 'impsubj', 1, 'pl', 'tornéssim'),
(1077, 'impsubj', 2, 'sing', 'tornessis'),
(1077, 'impsubj', 2, 'pl', 'tornéssiu'),
(1077, 'impsubj', 3, 'sing', 'tornés'),
(1077, 'impsubj', 3, 'pl', 'tornessin'),
(1077, 'infinitiu', 0, 'sing', 'tornar'),
(1077, 'participi', 0, 'sing', 'tornat'),
(1077, 'present', 1, 'sing', 'torno'),
(1077, 'present', 1, 'pl', 'tornem'),
(1077, 'present', 2, 'sing', 'tornes'),
(1077, 'present', 2, 'pl', 'torneu'),
(1077, 'present', 3, 'sing', 'torna'),
(1077, 'present', 3, 'pl', 'tornen'),
(1077, 'prsubj', 1, 'sing', 'torni'),
(1077, 'prsubj', 1, 'pl', 'tornem'),
(1077, 'prsubj', 2, 'sing', 'tornis'),
(1077, 'prsubj', 2, 'pl', 'torneu'),
(1077, 'prsubj', 3, 'sing', 'torni'),
(1077, 'prsubj', 3, 'pl', 'tornin'),
(1078, 'futur', 1, 'sing', 'em desvestiré'),
(1078, 'futur', 1, 'pl', 'ens desvestirem'),
(1078, 'futur', 2, 'sing', 'et desvestiràs'),
(1078, 'futur', 2, 'pl', 'us desvestireu'),
(1078, 'futur', 3, 'sing', 'es desvestirà'),
(1078, 'futur', 3, 'pl', 'es desvestiran'),
(1078, 'gerundi', 0, 'sing', 'desvestint'),
(1078, 'imperatiu', 1, 'pl', 'desvestim-nos'),
(1078, 'imperatiu', 2, 'sing', 'desvesteix-te'),
(1078, 'imperatiu', 2, 'pl', 'desvestiu-vos'),
(1078, 'imperatiu', 3, 'sing', 'es desvesteixi'),
(1078, 'imperatiu', 3, 'pl', 'es desvesteixin'),
(1078, 'imperfecte', 1, 'sing', 'em desvestia'),
(1078, 'imperfecte', 1, 'pl', 'ens desvestíem'),
(1078, 'imperfecte', 2, 'sing', 'et desvesties'),
(1078, 'imperfecte', 2, 'pl', 'us desvestíeu'),
(1078, 'imperfecte', 3, 'sing', 'es desvestia'),
(1078, 'imperfecte', 3, 'pl', 'es desvestien'),
(1078, 'impsubj', 1, 'sing', 'em desvestís'),
(1078, 'impsubj', 1, 'pl', 'ens desvestíssim'),
(1078, 'impsubj', 2, 'sing', 'et desvestissis'),
(1078, 'impsubj', 2, 'pl', 'us desvestíssiu'),
(1078, 'impsubj', 3, 'sing', 'es desvestís'),
(1078, 'impsubj', 3, 'pl', 'es desvestissin'),
(1078, 'infinitiu', 0, 'sing', 'desvestir-se'),
(1078, 'participi', 0, 'sing', 'desvestit'),
(1078, 'present', 1, 'sing', 'em desvesteixo'),
(1078, 'present', 1, 'pl', 'ens desvestim'),
(1078, 'present', 2, 'sing', 'et desvesteixes'),
(1078, 'present', 2, 'pl', 'us desvestiu'),
(1078, 'present', 3, 'sing', 'es desvesteix'),
(1078, 'present', 3, 'pl', 'es desvesteixen'),
(1078, 'prsubj', 1, 'sing', 'em desvesteixi'),
(1078, 'prsubj', 1, 'pl', 'ens desvestim'),
(1078, 'prsubj', 2, 'sing', 'et desvesteixis'),
(1078, 'prsubj', 2, 'pl', 'us desvestiu'),
(1078, 'prsubj', 3, 'sing', 'es desvesteixi'),
(1078, 'prsubj', 3, 'pl', 'es desvesteixin'),
(1079, 'futur', 1, 'sing', 'enfilaré'),
(1079, 'futur', 1, 'pl', 'enfilarem'),
(1079, 'futur', 2, 'sing', 'enfilaràs'),
(1079, 'futur', 2, 'pl', 'enfilareu'),
(1079, 'futur', 3, 'sing', 'enfilarà'),
(1079, 'futur', 3, 'pl', 'enfilaran'),
(1079, 'gerundi', 0, 'sing', 'enfilant'),
(1079, 'imperatiu', 1, 'pl', 'enfilem'),
(1079, 'imperatiu', 2, 'sing', 'enfila'),
(1079, 'imperatiu', 2, 'pl', 'enfileu'),
(1079, 'imperatiu', 3, 'sing', 'enfili'),
(1079, 'imperatiu', 3, 'pl', 'enfilin'),
(1079, 'imperfecte', 1, 'sing', 'enfilava'),
(1079, 'imperfecte', 1, 'pl', 'enfilàvem'),
(1079, 'imperfecte', 2, 'sing', 'enfilaves'),
(1079, 'imperfecte', 2, 'pl', 'enfilàveu'),
(1079, 'imperfecte', 3, 'sing', 'enfilava'),
(1079, 'imperfecte', 3, 'pl', 'enfilaven'),
(1079, 'impsubj', 1, 'sing', 'enfilés'),
(1079, 'impsubj', 1, 'pl', 'enfiléssim'),
(1079, 'impsubj', 2, 'sing', 'enfilessis'),
(1079, 'impsubj', 2, 'pl', 'enfiléssiu'),
(1079, 'impsubj', 3, 'sing', 'enfilés'),
(1079, 'impsubj', 3, 'pl', 'enfilessin'),
(1079, 'infinitiu', 0, 'sing', 'enfilar'),
(1079, 'participi', 0, 'sing', 'enfilat'),
(1079, 'present', 1, 'sing', 'enfilo'),
(1079, 'present', 1, 'pl', 'enfilem'),
(1079, 'present', 2, 'sing', 'enfiles'),
(1079, 'present', 2, 'pl', 'enfileu'),
(1079, 'present', 3, 'sing', 'enfila'),
(1079, 'present', 3, 'pl', 'enfilen'),
(1079, 'prsubj', 1, 'sing', 'enfili'),
(1079, 'prsubj', 1, 'pl', 'enfilem'),
(1079, 'prsubj', 2, 'sing', 'enfilis'),
(1079, 'prsubj', 2, 'pl', 'enfileu'),
(1079, 'prsubj', 3, 'sing', 'enfili'),
(1079, 'prsubj', 3, 'pl', 'enfilin'),
(1080, 'futur', 1, 'sing', 'telefonaré'),
(1080, 'futur', 1, 'pl', 'telefonarem'),
(1080, 'futur', 2, 'sing', 'telefonaràs'),
(1080, 'futur', 2, 'pl', 'telefonareu'),
(1080, 'futur', 3, 'sing', 'telefonarà'),
(1080, 'futur', 3, 'pl', 'telefonaran'),
(1080, 'gerundi', 0, 'sing', 'telefonant'),
(1080, 'imperatiu', 1, 'pl', 'telefonem'),
(1080, 'imperatiu', 2, 'sing', 'telefona'),
(1080, 'imperatiu', 2, 'pl', 'telefoneu'),
(1080, 'imperatiu', 3, 'sing', 'telefoni'),
(1080, 'imperatiu', 3, 'pl', 'telefonin'),
(1080, 'imperfecte', 1, 'sing', 'telefonava'),
(1080, 'imperfecte', 1, 'pl', 'telefonàvem'),
(1080, 'imperfecte', 2, 'sing', 'telefonavaes'),
(1080, 'imperfecte', 2, 'pl', 'telefonàveu'),
(1080, 'imperfecte', 3, 'sing', 'telefonava'),
(1080, 'imperfecte', 3, 'pl', 'telefonaven'),
(1080, 'impsubj', 1, 'sing', 'telefonés'),
(1080, 'impsubj', 1, 'pl', 'telefonéssim'),
(1080, 'impsubj', 2, 'sing', 'telefonessis'),
(1080, 'impsubj', 2, 'pl', 'telefonéssiu'),
(1080, 'impsubj', 3, 'sing', 'telefonés'),
(1080, 'impsubj', 3, 'pl', 'telefonessin'),
(1080, 'infinitiu', 0, 'sing', 'telefonar'),
(1080, 'participi', 0, 'sing', 'telefonat'),
(1080, 'present', 1, 'sing', 'telefono'),
(1080, 'present', 1, 'pl', 'telefonem'),
(1080, 'present', 2, 'sing', 'telefones'),
(1080, 'present', 2, 'pl', 'telefoneu'),
(1080, 'present', 3, 'sing', 'telefona'),
(1080, 'present', 3, 'pl', 'telefonen'),
(1080, 'prsubj', 1, 'sing', 'telefoni'),
(1080, 'prsubj', 1, 'pl', 'telefonem'),
(1080, 'prsubj', 2, 'sing', 'telefonis'),
(1080, 'prsubj', 2, 'pl', 'telefoneu'),
(1080, 'prsubj', 3, 'sing', 'telefoni'),
(1080, 'prsubj', 3, 'pl', 'telefonin'),
(1081, 'futur', 1, 'sing', 'besaré'),
(1081, 'futur', 1, 'pl', 'besarem'),
(1081, 'futur', 2, 'sing', 'besaràs'),
(1081, 'futur', 2, 'pl', 'besareu'),
(1081, 'futur', 3, 'sing', 'besarà'),
(1081, 'futur', 3, 'pl', 'besaran'),
(1081, 'gerundi', 0, 'sing', 'besant'),
(1081, 'imperatiu', 1, 'pl', 'besem'),
(1081, 'imperatiu', 2, 'sing', 'besa'),
(1081, 'imperatiu', 2, 'pl', 'beseu'),
(1081, 'imperatiu', 3, 'sing', 'besi'),
(1081, 'imperatiu', 3, 'pl', 'besin'),
(1081, 'imperfecte', 1, 'sing', 'besava'),
(1081, 'imperfecte', 1, 'pl', 'besàvem'),
(1081, 'imperfecte', 2, 'sing', 'besaves'),
(1081, 'imperfecte', 2, 'pl', 'besàveu'),
(1081, 'imperfecte', 3, 'sing', 'besava'),
(1081, 'imperfecte', 3, 'pl', 'besaven'),
(1081, 'impsubj', 1, 'sing', 'besés'),
(1081, 'impsubj', 1, 'pl', 'beséssim'),
(1081, 'impsubj', 2, 'sing', 'besessin'),
(1081, 'impsubj', 2, 'pl', 'beséssiu'),
(1081, 'impsubj', 3, 'sing', 'besés'),
(1081, 'impsubj', 3, 'pl', 'besessin'),
(1081, 'infinitiu', 0, 'sing', 'besar'),
(1081, 'participi', 0, 'sing', 'besat'),
(1081, 'present', 1, 'sing', 'beso'),
(1081, 'present', 1, 'pl', 'besem'),
(1081, 'present', 2, 'sing', 'beses'),
(1081, 'present', 2, 'pl', 'beseu'),
(1081, 'present', 3, 'sing', 'besa'),
(1081, 'present', 3, 'pl', 'besen'),
(1081, 'prsubj', 1, 'sing', 'besi'),
(1081, 'prsubj', 1, 'pl', 'besem'),
(1081, 'prsubj', 2, 'sing', 'besis'),
(1081, 'prsubj', 2, 'pl', 'beseu'),
(1081, 'prsubj', 3, 'sing', 'besi'),
(1081, 'prsubj', 3, 'pl', 'besin'),
(1082, 'futur', 1, 'sing', 'em rascaré'),
(1082, 'futur', 1, 'pl', 'ens rascarem'),
(1082, 'futur', 2, 'sing', 'et rascaràs'),
(1082, 'futur', 2, 'pl', 'us rascareu'),
(1082, 'futur', 3, 'sing', 'es rascarà'),
(1082, 'futur', 3, 'pl', 'es rascaran'),
(1082, 'gerundi', 0, 'sing', 'rascant'),
(1082, 'imperatiu', 1, 'pl', 'rasquem-nos'),
(1082, 'imperatiu', 2, 'sing', 'rasca\'t'),
(1082, 'imperatiu', 2, 'pl', 'rasqueu-vos'),
(1082, 'imperatiu', 3, 'sing', 'es rasqui'),
(1082, 'imperatiu', 3, 'pl', 'es rasquin'),
(1082, 'imperfecte', 1, 'sing', 'em rascava'),
(1082, 'imperfecte', 1, 'pl', 'ens rascàvem'),
(1082, 'imperfecte', 2, 'sing', 'et rascaves'),
(1082, 'imperfecte', 2, 'pl', 'us rascàveu'),
(1082, 'imperfecte', 3, 'sing', 'es rascava'),
(1082, 'imperfecte', 3, 'pl', 'es rascavan'),
(1082, 'impsubj', 1, 'sing', 'em rasqués'),
(1082, 'impsubj', 1, 'pl', 'ens rasquéssim'),
(1082, 'impsubj', 2, 'sing', 'et rasquessis'),
(1082, 'impsubj', 2, 'pl', 'us rasquéssiu'),
(1082, 'impsubj', 3, 'sing', 'es rasqués'),
(1082, 'impsubj', 3, 'pl', 'es rasquessin'),
(1082, 'infinitiu', 0, 'sing', 'rascar-se'),
(1082, 'participi', 0, 'sing', 'rascat'),
(1082, 'present', 1, 'sing', 'em rasco'),
(1082, 'present', 1, 'pl', 'ens rasquem'),
(1082, 'present', 2, 'sing', 'et rasques'),
(1082, 'present', 2, 'pl', 'us rasqueu'),
(1082, 'present', 3, 'sing', 'es rasca'),
(1082, 'present', 3, 'pl', 'es rasequen'),
(1082, 'prsubj', 1, 'sing', 'em rasqui'),
(1082, 'prsubj', 1, 'pl', 'ens rasquem'),
(1082, 'prsubj', 2, 'sing', 'et rasquis'),
(1082, 'prsubj', 2, 'pl', 'us rasqueu'),
(1082, 'prsubj', 3, 'sing', 'es rasqui'),
(1082, 'prsubj', 3, 'pl', 'es rasquin'),
(1083, 'futur', 1, 'sing', 'convidaré'),
(1083, 'futur', 1, 'pl', 'convidarem'),
(1083, 'futur', 2, 'sing', 'convidaràs'),
(1083, 'futur', 2, 'pl', 'convidareu'),
(1083, 'futur', 3, 'sing', 'convidarà'),
(1083, 'futur', 3, 'pl', 'convidaran'),
(1083, 'gerundi', 0, 'sing', 'convidant'),
(1083, 'imperatiu', 1, 'pl', 'convidem'),
(1083, 'imperatiu', 2, 'sing', 'convida'),
(1083, 'imperatiu', 2, 'pl', 'convideu'),
(1083, 'imperatiu', 3, 'sing', 'convidi'),
(1083, 'imperatiu', 3, 'pl', 'convidin'),
(1083, 'imperfecte', 1, 'sing', 'convidava'),
(1083, 'imperfecte', 1, 'pl', 'convidàvem'),
(1083, 'imperfecte', 2, 'sing', 'convidaves'),
(1083, 'imperfecte', 2, 'pl', 'convidàveu'),
(1083, 'imperfecte', 3, 'sing', 'convidava'),
(1083, 'imperfecte', 3, 'pl', 'convidaven'),
(1083, 'impsubj', 1, 'sing', 'convidés'),
(1083, 'impsubj', 1, 'pl', 'convidéssim'),
(1083, 'impsubj', 2, 'sing', 'convidessis'),
(1083, 'impsubj', 2, 'pl', 'convidéssiu'),
(1083, 'impsubj', 3, 'sing', 'convidés'),
(1083, 'impsubj', 3, 'pl', 'convidessin'),
(1083, 'infinitiu', 0, 'sing', 'convidar'),
(1083, 'participi', 0, 'sing', 'convidat'),
(1083, 'present', 1, 'sing', 'convido'),
(1083, 'present', 1, 'pl', 'convidem'),
(1083, 'present', 2, 'sing', 'convides'),
(1083, 'present', 2, 'pl', 'convideu'),
(1083, 'present', 3, 'sing', 'convida'),
(1083, 'present', 3, 'pl', 'conviden'),
(1083, 'prsubj', 1, 'sing', 'convidi'),
(1083, 'prsubj', 1, 'pl', 'convidem'),
(1083, 'prsubj', 2, 'sing', 'convidis'),
(1083, 'prsubj', 2, 'pl', 'convideu'),
(1083, 'prsubj', 3, 'sing', 'convidi'),
(1083, 'prsubj', 3, 'pl', 'convidin'),
(1091, 'futur', 1, 'sing', 'assecaré'),
(1091, 'futur', 1, 'pl', 'assecarem'),
(1091, 'futur', 2, 'sing', 'assecaràs'),
(1091, 'futur', 2, 'pl', 'assecareu'),
(1091, 'futur', 3, 'sing', 'assecarà'),
(1091, 'futur', 3, 'pl', 'assecaran'),
(1091, 'gerundi', 0, 'sing', 'assecant'),
(1091, 'imperatiu', 1, 'pl', 'assequem'),
(1091, 'imperatiu', 2, 'sing', 'asseca'),
(1091, 'imperatiu', 2, 'pl', 'assequem'),
(1091, 'imperatiu', 3, 'sing', 'assequi'),
(1091, 'imperatiu', 3, 'pl', 'assequin'),
(1091, 'imperfecte', 1, 'sing', 'assecava'),
(1091, 'imperfecte', 1, 'pl', 'assecàvem'),
(1091, 'imperfecte', 2, 'sing', 'assecaves'),
(1091, 'imperfecte', 2, 'pl', 'assecàveu'),
(1091, 'imperfecte', 3, 'sing', 'assecava'),
(1091, 'imperfecte', 3, 'pl', 'assecaven'),
(1091, 'impsubj', 1, 'sing', 'assequés'),
(1091, 'impsubj', 1, 'pl', 'assequéssim'),
(1091, 'impsubj', 2, 'sing', 'assequessis'),
(1091, 'impsubj', 2, 'pl', 'assequéssiu'),
(1091, 'impsubj', 3, 'sing', 'assequés'),
(1091, 'impsubj', 3, 'pl', 'assequessin'),
(1091, 'infinitiu', 0, 'sing', 'assecar'),
(1091, 'participi', 0, 'sing', 'assecat'),
(1091, 'present', 1, 'sing', 'asseco'),
(1091, 'present', 1, 'pl', 'assequem'),
(1091, 'present', 2, 'sing', 'asseques'),
(1091, 'present', 2, 'pl', 'assequeu'),
(1091, 'present', 3, 'sing', 'asseca'),
(1091, 'present', 3, 'pl', 'assequen'),
(1091, 'prsubj', 1, 'sing', 'assequi'),
(1091, 'prsubj', 1, 'pl', 'assequem'),
(1091, 'prsubj', 2, 'sing', 'assequis'),
(1091, 'prsubj', 2, 'pl', 'assequeu'),
(1091, 'prsubj', 3, 'sing', 'assequi'),
(1091, 'prsubj', 3, 'pl', 'assequin');


INSERT INTO `PatternCA` (`patternid`, `verbid`, `pronominal`, `pseudoimpersonal`, `copulatiu`, `tipusfrase`, `defaulttense`, `verbpeticio`, `subj`, `subjdef`, `theme`, `themetipus`, `themedef`, `themeprep`, `themeart`, `receiver`, `receiverdef`, `receiverprep`, `benef`, `beneftipus`, `benefdef`, `benefprep`, `acomp`, `acompdef`, `acompprep`, `tool`, `tooldef`, `toolprep`, `manera`, `maneradef`, `maneratipus`, `locto`, `loctotipus`, `loctodef`, `loctoprep`, `locfrom`, `locfromtipus`, `locfromdef`, `locfromprep`, `locat`, `locatdef`, `locatprep`, `time`, `expressio`, `subverb`, `exemple`) VALUES
(1236, 1075, '0', '0', '0', 'enunciativa', 'present', NULL, 'human', '1', 'opt', 'objecte', '', '', NULL, '', '', '', '', '', NULL, '', '', NULL, '', '', NULL, '', NULL, NULL, NULL, 'opt', 'noun', NULL, 'a', NULL, NULL, NULL, NULL, NULL, NULL, NULL, NULL, NULL, '0', ''),
(1237, 1076, '0', '0', '0', 'enunciativa', 'present', NULL, 'human', '1', 'opt', 'menjar', '', '', NULL, '', '', '', 'opt', 'animate', NULL, 'per', '', NULL, '', '', NULL, '', NULL, NULL, NULL, 'opt', 'lloc', NULL, 'a', NULL, NULL, NULL, NULL, NULL, NULL, NULL, NULL, NULL, '0', ''),
(1238, 1077, '0', '0', '0', 'enunciativa', 'present', NULL, 'animate', '1', '', '', '', '', NULL, '', '', '', '', '', NULL, '', '', NULL, '', '', NULL, '', NULL, NULL, NULL, '1', 'lloc', NULL, 'a', NULL, NULL, NULL, NULL, NULL, NULL, NULL, NULL, NULL, '0', ''),
(1239, 1077, '0', '0', '0', 'enunciativa', 'present', NULL, 'animate', '1', '', '', '', '', NULL, '', '', '', '', '', NULL, '', '', NULL, '', '', NULL, '', NULL, NULL, NULL, '1', 'verb', NULL, 'de', NULL, NULL, NULL, NULL, NULL, NULL, NULL, NULL, NULL, '1', ''),
(1240, 1078, '1', '0', '0', 'enunciativa', 'present', NULL, 'human', '1', '', '', '', '', NULL, '', '', '', '', '', NULL, '', '', NULL, '', '', NULL, '', NULL, NULL, NULL, 'opt', 'lloc', NULL, 'a', NULL, NULL, NULL, NULL, NULL, NULL, NULL, NULL, NULL, '0', ''),
(1241, 1079, '0', '0', '0', 'enunciativa', 'present', NULL, 'human', '1', 'opt', 'objecte', '', '', NULL, '', '', '', '', '', NULL, '', '', NULL, '', '', NULL, '', NULL, NULL, NULL, '', '', NULL, '', NULL, NULL, NULL, NULL, NULL, NULL, NULL, NULL, NULL, '0', ''),
(1242, 1080, '0', '0', '0', 'enunciativa', 'present', NULL, 'human', '1', '', '', '', '', NULL, '1', 'tu', 'a', '', '', NULL, '', '', NULL, '', '', NULL, '', NULL, NULL, NULL, '', '', NULL, '', NULL, NULL, NULL, NULL, NULL, NULL, NULL, NULL, NULL, '0', ''),
(1243, 1081, '0', '0', '0', 'enunciativa', 'present', NULL, 'animate', '1', '', '', '', '', NULL, '1', 'tu', '', '', '', NULL, '', '', NULL, '', '', NULL, '', NULL, NULL, NULL, 'opt', 'lloc', NULL, 'a', NULL, NULL, NULL, NULL, NULL, NULL, NULL, NULL, NULL, '0', ''),
(1244, 1082, '1', '0', '0', 'enunciativa', 'present', NULL, 'animate', '1', 'opt', 'cos', '', '', NULL, '1', 'mi', 'a', '', '', NULL, '', '', NULL, '', '', NULL, '', NULL, NULL, NULL, '', '', NULL, '', NULL, NULL, NULL, NULL, NULL, NULL, NULL, NULL, NULL, '0', ''),
(1245, 1083, '0', '0', '0', 'enunciativa', 'present', NULL, 'animate', '1', 'opt', 'inanimate', '', 'a', NULL, '1', 'tu', 'a', '', '', NULL, '', '', NULL, '', '', NULL, '', NULL, NULL, NULL, '', '', NULL, '', NULL, NULL, NULL, NULL, NULL, NULL, NULL, NULL, NULL, '0', ''),
(1246, 1091, '0', '0', '0', 'enunciativa', 'present', NULL, 'human', '1', 'opt', 'noun', '', '', NULL, '', '', '', '', '', NULL, '', '', NULL, '', 'opt', NULL, 'amb', NULL, NULL, NULL, 'opt', 'lloc', NULL, 'a', NULL, NULL, NULL, NULL, NULL, NULL, NULL, NULL, NULL, '0', '');


INSERT INTO `AdjectiveES` (`adjid`, `masc`, `fem`, `mascpl`, `fempl`, `defaultverb`, `subjdef`) VALUES
(1018, 'equivocado', 'equivocada', 'equivocados', 'equivocadas', 100, '3'),
(1055, 'floreado', 'floreada', 'floreados', 'floreadas', 86, '3'),
(1092, 'extraño', 'extraña', 'extraños', 'extrañas', 86, '3'),
(1093, 'quemando', 'quemando', 'quemando', 'quemando', 100, '3'),
(1094, 'congelado', 'congelada', 'congelados', 'congeladas', 100, '3');


INSERT INTO `AdjClassES` (`adjid`, `class`) VALUES
(1018, 'all'),
(1055, 'color'),
(1055, 'objecte'),
(1092, 'all'),
(1093, 'menjar'),
(1093, 'objecte'),
(1094, 'menjar'),
(1094, 'objecte');


INSERT INTO `NameES` (`nameid`, `nomtext`, `mf`, `singpl`, `contabincontab`, `determinat`, `ispropernoun`, `defaultverb`, `plural`, `femeni`, `fempl`) VALUES
(910, 'vampiro', 'masc', 'sing', 'contable', '1', '', 0, 'vampiros', 'vampiresa', 'vampiresas'),
(911, 'prima', 'fem', 'sing', 'contable', '1', '', 0, 'primas', NULL, NULL),
(912, 'tía', 'fem', 'sing', 'contable', '1', '', 0, 'tías', NULL, NULL),
(913, 'lactante', 'masc', 'sing', 'contable', '1', '', 0, 'lactantes', NULL, NULL),
(914, 'asno', 'masc', 'sing', 'contable', '0', '', 0, 'asnos', NULL, NULL),
(915, 'oveja', 'fem', 'sing', 'contable', '0', '', 0, 'ovejas', NULL, NULL),
(916, 'Quiero ir a…', 'masc', 'sing', 'incontable', 'sense', '', 0, 'Quiero ir a…', NULL, NULL),
(917, 'anillas', 'fem', 'pl', 'incontable', '1', '', 0, 'anillas', NULL, NULL),
(918, 'construcciones', 'fem', 'pl', 'contable', 'sense', '', 0, 'construcciones', NULL, NULL),
(919, 'cocinita', 'fem', 'sing', 'contable', '1', '', 0, 'cocinitas', NULL, NULL),
(920, 'puzle', 'masc', 'sing', 'contable', '1', '', 0, 'puzles', NULL, NULL),
(921, 'cromos', 'masc', 'pl', 'contable', '1', '', 0, 'cromos', NULL, NULL),
(922, 'dado', 'masc', 'sing', 'contable', '1', '', 0, 'dados', NULL, NULL),
(923, 'cubo', 'masc', 'sing', 'contable', '1', '', 0, 'cubos', NULL, NULL),
(924, 'títere', 'masc', 'sing', 'contable', '1', '', 0, 'títeres', NULL, NULL),
(925, 'canicas', 'fem', 'pl', 'contable', '1', '', 0, 'canicas', NULL, NULL),
(926, 'tobogán', 'masc', 'sing', 'contable', '1', '', 0, 'toboganes', NULL, NULL),
(927, 'columpio', 'masc', 'sing', 'contable', '1', '', 0, 'columpios', NULL, NULL),
(928, 'burbujas', 'fem', 'pl', 'contable', '1', '', 0, 'burbujas', NULL, NULL),
(929, 'Oca', 'fem', 'sing', 'incontable', '1', '0', 0, 'Oca', NULL, NULL),
(930, 'parchís', 'masc', 'sing', 'incontable', '1', '', 0, 'parchís', NULL, NULL),
(931, 'eslalon', 'masc', 'sing', 'contable', '1', '', 0, 'eslalomos', NULL, NULL),
(932, 'objeto', 'masc', 'sing', 'contable', '0', '', 0, 'objetos', NULL, NULL),
(933, 'cola de pegar', 'fem', 'sing', 'incontable', '1', '', 0, 'cola de pegar', NULL, NULL),
(934, 'punzón', 'masc', 'sing', 'contable', '1', '', 0, 'punzones', NULL, NULL),
(935, 'gomets', 'masc', 'pl', 'contable', '1', '', 0, 'gomets', NULL, NULL),
(936, 'cesta', 'fem', 'sing', 'contable', '1', '', 0, 'cestas', NULL, NULL),
(937, 'pandereta', 'fem', 'sing', 'contable', '1', '', 0, 'panderetas', NULL, NULL),
(938, 'maraca', 'fem', 'sing', 'contable', '1', '', 0, 'maracas', NULL, NULL),
(939, 'caja china', 'fem', 'sing', 'contable', '1', '', 0, 'cajas chinas', NULL, NULL),
(940, 'cascabel', 'masc', 'sing', 'contable', '1', '', 0, 'cascabeles', NULL, NULL),
(941, 'saco de dormir', 'masc', 'sing', 'contable', '1', '', 0, 'sacos de dormir', NULL, NULL),
(942, 'basura', 'fem', 'sing', 'incontable', '1', '', 0, 'basura', NULL, NULL),
(943, 'llave', 'fem', 'sing', 'contable', '1', '', 0, 'llaves', NULL, NULL),
(944, 'quadros', 'masc', 'pl', 'contable', 'sense', '', 0, 'quadros', NULL, NULL),
(945, 'topos', 'masc', 'pl', 'contable', 'sense', '', 0, 'topos', NULL, NULL),
(946, 'rayas', 'fem', 'pl', 'contable', 'sense', '', 0, 'rayas', NULL, NULL),
(947, 'tamaño', 'masc', 'sing', 'contable', '1', '', 0, 'tamaños', NULL, NULL),
(948, 'corazón', 'masc', 'sing', 'contable', '1', '', 0, 'corazones', NULL, NULL),
(949, 'segundo', 'masc', 'sing', 'contable', '0', '', 0, 'segundos', NULL, NULL),
(950, 'trueno', 'masc', 'sing', 'contable', '0', '', 0, 'truenos', NULL, NULL),
(951, 'relámpago', 'masc', 'sing', 'contable', '0', '', 0, 'relámpagos', NULL, NULL),
(952, 'residencia', 'fem', 'sing', 'contable', '1', '', 0, 'residencias', NULL, NULL),
(953, 'panadería', 'fem', 'sing', 'contable', '1', '', 0, 'panaderías', NULL, NULL),
(954, 'gasolinera', 'fem', 'sing', 'contable', '1', '', 0, 'gasolineras', NULL, NULL),
(955, 'pizzería', 'fem', 'sing', 'contable', '1', '', 0, 'pizzerías', NULL, NULL),
(956, 'circo', 'masc', 'sing', 'contable', '1', '', 0, 'circos', NULL, NULL),
(957, 'hotel', 'masc', 'sing', 'contable', '1', '', 0, 'hoteles', NULL, NULL),
(958, 'correos', 'masc', 'pl', 'contable', 'sense', '', 0, 'correos', NULL, NULL),
(959, 'comisaría', 'fem', 'sing', 'contable', '1', '', 0, 'comisarías', NULL, NULL),
(960, 'prisión', 'fem', 'sing', 'contable', '1', '', 0, 'prisiones', NULL, NULL),
(961, 'lavabo', 'masc', 'sing', 'contable', '1', '', 0, 'lavabos', NULL, NULL),
(962, 'estantería', 'fem', 'sing', 'contable', '1', '', 0, 'estanterías', NULL, NULL),
(963, 'lámpara', 'fem', 'sing', 'contable', '1', '', 0, 'lámparas', NULL, NULL),
(964, 'rampa', 'fem', 'sing', 'contable', '1', '', 0, 'rampas', NULL, NULL),
(965, 'caminador', 'masc', 'sing', 'contable', '1', '', 0, 'caminadores', NULL, NULL),
(966, 'bipedestador', 'masc', 'sing', 'contable', '1', '', 0, 'bipedestadores', NULL, NULL),
(967, 'camilla', 'fem', 'sing', 'contable', '1', '', 0, 'camillas', NULL, NULL),
(968, 'impresora', 'fem', 'sing', 'contable', '1', '', 0, 'impresoras', NULL, NULL),
(969, 'timbre', 'masc', 'sing', 'contable', '1', '', 0, 'timbres', NULL, NULL),
(970, 'comutador', 'masc', 'sing', 'contable', '1', '', 0, 'comutadores', NULL, NULL),
(971, 'vehículo', 'masc', 'sing', 'contable', '0', '', 0, 'vehículos', NULL, NULL),
(972, 'patinete', 'masc', 'sing', 'contable', '1', '', 0, 'patinetes', NULL, NULL),
(973, 'monopatín', 'masc', 'sing', 'contable', '1', '', 0, 'monopatines', NULL, NULL),
(974, 'caravana', 'fem', 'sing', 'contable', '1', '', 0, 'caravanas', NULL, NULL),
(975, 'cohete', 'masc', 'sing', 'contable', '0', '', 0, 'cohetes', NULL, NULL),
(976, 'trineo', 'masc', 'sing', 'contable', '0', '', 0, 'trineos', NULL, NULL),
(977, 'silla con motor', 'fem', 'sing', 'contable', '1', '', 0, 'sillas con motos', NULL, NULL),
(978, 'volante', 'masc', 'sing', 'contable', '1', '', 0, 'volantes', NULL, NULL),
(979, 'accidente', 'masc', 'sing', 'contable', '0', '', 0, 'accidentes', NULL, NULL),
(980, 'aquí', 'masc', 'sing', 'incontable', 'sense', '', 100, 'aquí', NULL, NULL),
(981, 'allí', 'masc', 'sing', 'incontable', 'sense', '', 100, 'allí', NULL, NULL),
(982, 'a bajo', 'masc', 'sing', 'incontable', 'sense', '', 0, 'a bajo', NULL, NULL),
(983, 'entre', 'masc', 'sing', 'contable', 'sense', '', 0, 'entre', NULL, NULL),
(984, 'cerca', 'masc', 'sing', 'incontable', 'sense', '', 0, 'cerca', NULL, NULL),
(985, 'al lado', 'masc', 'sing', 'incontable', 'sense', '', 0, 'al lado', NULL, NULL),
(986, 'Tió', 'masc', 'sing', 'contable', '1', '0', 0, 'Tió', NULL, NULL),
(987, 'pesebre', 'masc', 'sing', 'contable', '1', '', 0, 'pesebres', NULL, NULL),
(988, 'carnaval', 'masc', 'sing', 'contable', '1', '0', 0, 'carnavales', NULL, NULL),
(989, 'Mona', 'fem', 'sing', 'contable', '1', '0', 0, 'Monas', NULL, NULL),
(990, 'excursión', 'fem', 'sing', 'contable', '1', '', 0, 'excursiones', NULL, NULL),
(991, 'logopedia', 'fem', 'sing', 'incontable', 'sense', '', 0, 'logopedia', NULL, NULL),
(992, 'fisioterapia', 'fem', 'sing', 'incontable', 'sense', '', 0, 'fisioterapia', NULL, NULL),
(993, 'encargo', 'masc', 'sing', 'contable', '0', '', 44, 'encargos', NULL, NULL),
(994, 'pasar lista', 'masc', 'sing', 'incontable', 'sense', '', 0, 'pasar lista', NULL, NULL),
(995, 'gimnasia', 'fem', 'sing', 'contable', 'sense', '', 0, 'gimnasias', NULL, NULL),
(996, 'lengua', 'fem', 'sing', 'incontable', 'sense', '0', 0, 'lenguas', NULL, NULL),
(997, 'matemáticas', 'fem', 'pl', 'incontable', '1', '0', 0, 'matemáticas', NULL, NULL),
(998, 'teclado', 'masc', 'sing', 'contable', '1', '', 0, 'teclados', NULL, NULL),
(999, 'expresiones', 'fem', 'pl', 'contable', '1', '', 0, 'expresiones', NULL, NULL),
(1000, 'bata', 'fem', 'sing', 'contable', '1', '', 0, 'batas', NULL, NULL),
(1001, 'delantal', 'masc', 'sing', 'contable', '1', '', 0, 'delantaes', NULL, NULL),
(1002, 'botón', 'masc', 'sing', 'contable', '0', '', 0, 'botones', NULL, NULL),
(1003, 'pañal', 'masc', 'sing', 'contable', '1', '', 0, 'pañales', NULL, NULL),
(1004, 'corbata', 'fem', 'sing', 'contable', '0', '', 0, 'corbatas', NULL, NULL),
(1005, 'pendiente', 'masc', 'sing', 'contable', '1', '', 0, 'pendientes', NULL, NULL),
(1006, 'bolsillo', 'masc', 'sing', 'contable', '1', '', 0, 'bolsillos', NULL, NULL),
(1007, 'cremallera', 'fem', 'sing', 'contable', '1', '', 0, 'cremalleras', NULL, NULL),
(1008, 'zanahoria', 'fem', 'sing', 'contable', 'sense', '', 0, 'zanahorias', NULL, NULL),
(1009, '¿Cuál es tu comida favorita?', 'masc', 'sing', 'incontable', 'sense', '', 0, '¿Cuál es tu comida favorita?', NULL, NULL),
(1010, '¿Cuál es tu deporte favorito?', 'masc', 'sing', 'incontable', 'sense', '', 0, '¿Cuál es tu deporte favorito?', NULL, NULL),
(1011, '¿Qué música te gusta?', 'masc', 'sing', 'incontable', 'sense', '', 0, '¿Qué música te gusta?', NULL, NULL),
(1012, '¿Qué no te gusta?', 'masc', 'sing', 'incontable', 'sense', '', 0, '¿Qué no te gusta?', NULL, NULL),
(1013, '¿Cuáles son tus aficiones?', 'masc', 'sing', 'incontable', 'sense', '', 0, '¿Cuáles son tus aficiones?', NULL, NULL),
(1014, '¿Tienes animales?', 'masc', 'sing', 'incontable', 'sense', '', 0, '¿Tienes animales?', NULL, NULL),
(1015, '¿Cómo es tu familia?', 'masc', 'sing', 'incontable', 'sense', '', 0, '¿Cómo es tu familia?', NULL, NULL),
(1016, '¿Dónde vas?', 'masc', 'sing', 'incontable', 'sense', '', 0, '¿Dónde vas?', NULL, NULL),
(1017, '¿Cuántos años tienes?', 'masc', 'sing', 'incontable', 'sense', '', 0, '¿Cuántos años tienes?', NULL, NULL),
(1019, 'piezas', 'fem', 'pl', 'contable', '1', '', 0, 'piezas', NULL, NULL),
(1020, 'veo veo', 'masc', 'sing', 'incontable', '1', '', 0, 'veo veo', NULL, NULL),
(1021, 'arriba', 'masc', 'sing', 'incontable', 'sense', '', 0, 'arriba', NULL, NULL),
(1022, 'picor', 'masc', 'sing', 'incontable', 'sense', '', 0, 'picor', NULL, NULL),
(1023, 'borrego', 'masc', 'sing', 'contable', '0', '', 0, 'borregos', NULL, NULL),
(1024, 'escarabajo', 'masc', 'sing', 'contable', '0', '', 0, 'escarabajos', NULL, NULL),
(1025, 'jabalí', 'masc', 'sing', 'contable', '0', '', 0, 'jabalíes', NULL, NULL),
(1026, 'esponja', 'fem', 'sing', 'contable', '1', '', 0, 'esponjas', NULL, NULL),
(1027, 'bota', 'fem', 'sing', 'contable', '1', '', 0, 'botas', NULL, NULL),
(1028, 'guante', 'masc', 'sing', 'contable', '1', '', 0, 'guantes', NULL, NULL),
(1029, 'zapato', 'fem', 'sing', 'contable', '1', '', 0, 'zapatos', NULL, NULL),
(1030, 'calcetín', 'masc', 'sing', 'contable', '1', '', 0, 'calcetines', NULL, NULL),
(1031, 'armilla', 'fem', 'sing', 'contable', '1', '', 0, 'armillas', NULL, NULL),
(1032, 'bolso', 'masc', 'sing', 'contable', '1', '', 0, 'bolsos', NULL, NULL),
(1033, 'disfraz', 'masc', 'sing', 'contable', '1', '', 0, 'disfraces', NULL, NULL),
(1034, 'máscara', 'fem', 'sing', 'contable', '1', '', 0, 'máscaras', NULL, NULL),
(1035, 'patata', 'fem', 'sing', 'contable', 'sense', '', 0, 'patatas', NULL, NULL),
(1036, 'ajo', 'masc', 'sing', 'contable', 'sense', '', 0, 'ajos', NULL, NULL),
(1037, 'cebolla', 'fem', 'sing', 'contable', 'sense', '', 0, 'cebollas', NULL, NULL),
(1038, 'correo electrónico', 'masc', 'sing', 'contable', '1', '', 0, 'correos electrónicos', NULL, NULL),
(1039, 'Muy bien', 'masc', 'sing', 'contable', '1', '', 0, 'Muy bien', NULL, NULL),
(1040, '¿A qué hora?', 'masc', 'sing', 'incontable', 'sense', '', 0, '¿A qué hora?', NULL, NULL),
(1041, 'Sirve para…', 'masc', 'sing', 'incontable', 'sense', '', 0, 'Sirve para…', NULL, NULL),
(1042, 'Hecho de…', 'masc', 'sing', 'incontable', 'sense', '', 0, 'Hecho de…', NULL, NULL),
(1043, 'párroco', 'masc', 'sing', 'contable', '1', '', 0, 'párrocos', NULL, NULL),
(1044, 'Hacer caca', 'masc', 'sing', 'incontable', 'sense', '', 0, 'Hacer caca', NULL, NULL),
(1045, 'Hacer pipi', 'masc', 'sing', 'incontable', 'sense', '', 0, 'Hacer pipi', NULL, NULL),
(1046, 'xilófono', 'masc', 'sing', 'contable', '1', '', 0, 'xilófonos', NULL, NULL),
(1047, 'cesto', 'masc', 'sing', 'contable', '0', '', 0, 'cestos', NULL, NULL),
(1048, 'colchoneta', 'fem', 'sing', 'contable', '0', '', 0, 'colchonetas', NULL, NULL),
(1049, 'fiambrera', 'fem', 'sing', 'contable', '1', '', 0, 'fiambreras', NULL, NULL),
(1050, 'lotería', 'fem', 'sing', 'contable', '1', '', 0, 'loterías', NULL, NULL),
(1051, 'juego', 'masc', 'sing', 'contable', '1', '', 0, 'juegos', NULL, NULL),
(1052, 'deberes', 'masc', 'pl', 'contable', '1', '', 0, 'deberes', NULL, NULL),
(1053, 'naturales', 'fem', 'pl', 'incontable', 'sense', '0', 0, 'naturales', NULL, NULL),
(1054, 'sociales', 'fem', 'pl', 'incontable', 'sense', '0', 0, 'sociales', NULL, NULL),
(1056, '¿Cuál es tu color favorito?', 'masc', 'sing', 'incontable', 'sense', '', 0, '¿Cuál es tu color favorito?', NULL, NULL),
(1057, '¿Qué te gusta ver en la tele?', 'masc', 'sing', 'incontable', 'sense', '', 0, '¿Qué te gusta ver en la tele?', NULL, NULL),
(1058, '¿Qué te gusta?', 'masc', 'sing', 'incontable', 'sense', '', 0, '¿Qué te gusta?', NULL, NULL),
(1059, '¿Cuántos años cumples?', 'masc', 'sing', 'incontable', 'sense', '', 0, '¿Cuántos años cumples?', NULL, NULL),
(1060, '¿Dónde vives?', 'masc', 'sing', 'incontable', 'sense', '', 0, '¿Dónde vives?', NULL, NULL),
(1061, 'Con', 'masc', 'sing', 'contable', 'sense', '', 0, 'Con', NULL, NULL),
(1062, 'De', 'masc', 'sing', 'contable', '1', '', 0, 'De', NULL, NULL),
(1063, 'Por', 'masc', 'sing', 'contable', '1', '', 0, 'Por', NULL, NULL),
(1064, 'O', 'masc', 'sing', 'contable', '1', '', 0, 'O', NULL, NULL),
(1065, 'A', 'masc', 'sing', 'contable', 'sense', '', 0, 'A', NULL, NULL),
(1066, 'Al', 'masc', 'sing', 'contable', '1', '', 0, 'Al', NULL, NULL),
(1067, 'Un', 'masc', 'sing', 'contable', '1', '', 0, 'Un', NULL, NULL),
(1068, 'Una', 'masc', 'sing', 'contable', '1', '', 0, 'Una', NULL, NULL),
(1069, 'Unos', 'masc', 'sing', 'contable', '1', '', 0, 'Unos', NULL, NULL),
(1070, 'Unas', 'masc', 'sing', 'contable', '1', '', 0, 'Unas', NULL, NULL),
(1071, 'Los', 'masc', 'sing', 'contable', '1', '', 0, 'Los', NULL, NULL),
(1072, 'Las', 'masc', 'sing', 'contable', '1', '', 0, 'Las', NULL, NULL),
(1073, 'La', 'masc', 'sing', 'contable', '1', '', 0, 'La', NULL, NULL),
(1074, 'El', 'masc', 'sing', 'contable', '1', '', 0, 'El', NULL, NULL),
(1084, 'pingüino', 'masc', 'sing', 'contable', '0', '', 0, 'pingüinos', NULL, NULL),
(1085, 'sensación', 'fem', 'sing', 'contable', '0', '', 0, 'sensaciones', NULL, NULL),
(1086, 'forma', 'fem', 'sing', 'contable', '1', '', 0, 'formas', NULL, NULL),
(1087, 'rombo', 'masc', 'sing', 'contable', '1', '', 0, 'rombos', NULL, NULL),
(1088, 'alimentos', 'masc', 'pl', 'incontable', 'sense', '', 0, 'alimentos', NULL, NULL),
(1089, 'turrón', 'masc', 'sing', 'contable', 'sense', '', 0, 'turrones', NULL, NULL),
(1090, 'Estoy mal', 'masc', 'sing', 'incontable', 'sense', '', 0, 'Estoy mal', NULL, NULL);


INSERT INTO `NameClassES` (`nameid`, `class`) VALUES
(910, 'human'),
(910, 'profession'),
(911, 'human'),
(912, 'human'),
(913, 'human'),
(914, 'animal'),
(915, 'animal'),
(916, 'abstracte'),
(917, 'joc'),
(918, 'joc'),
(919, 'joc'),
(920, 'joc'),
(921, 'joc'),
(922, 'joc'),
(922, 'objecte'),
(923, 'lloc'),
(923, 'objecte'),
(924, 'animal'),
(924, 'joc'),
(925, 'joc'),
(925, 'objecte'),
(926, 'joc'),
(926, 'lloc'),
(927, 'joc'),
(927, 'lloc'),
(928, 'joc'),
(929, 'joc'),
(930, 'joc'),
(931, 'event'),
(931, 'joc'),
(932, 'objecte'),
(933, 'objecte'),
(934, 'objecte'),
(935, 'objecte'),
(936, 'lloc'),
(936, 'objecte'),
(937, 'objecte'),
(938, 'objecte'),
(939, 'objecte'),
(940, 'objecte'),
(941, 'lloc'),
(941, 'objecte'),
(942, 'objecte'),
(943, 'objecte'),
(944, 'material'),
(945, 'material'),
(946, 'material'),
(947, 'abstracte'),
(948, 'cos'),
(948, 'forma'),
(949, 'hora'),
(949, 'time'),
(950, 'animate'),
(950, 'time'),
(951, 'animate'),
(951, 'time'),
(952, 'lloc'),
(953, 'lloc'),
(954, 'lloc'),
(955, 'lloc'),
(956, 'event'),
(956, 'lloc'),
(957, 'lloc'),
(958, 'lloc'),
(959, 'lloc'),
(960, 'lloc'),
(961, 'lloc'),
(962, 'objecte'),
(963, 'objecte'),
(964, 'lloc'),
(964, 'objecte'),
(965, 'vehicle'),
(966, 'lloc'),
(966, 'objecte'),
(967, 'lloc'),
(967, 'objecte'),
(968, 'objecte'),
(969, 'objecte'),
(970, 'objecte'),
(971, 'vehicle'),
(972, 'vehicle'),
(973, 'vehicle'),
(974, 'vehicle'),
(975, 'vehicle'),
(976, 'vehicle'),
(977, 'vehicle'),
(978, 'objecte'),
(979, 'event'),
(979, 'objecte'),
(980, 'lloc'),
(981, 'lloc'),
(982, 'lloc'),
(983, 'lloc'),
(984, 'lloc'),
(985, 'lloc'),
(986, 'event'),
(987, 'lloc'),
(987, 'objecte'),
(988, 'event'),
(989, 'event'),
(990, 'event'),
(990, 'lloc'),
(991, 'event'),
(991, 'lloc'),
(992, 'event'),
(992, 'lloc'),
(993, 'abstracte'),
(993, 'event'),
(994, 'abstracte'),
(995, 'event'),
(995, 'lloc'),
(996, 'event'),
(996, 'lloc'),
(997, 'abstracte'),
(997, 'event'),
(998, 'objecte'),
(999, 'abstracte'),
(1000, 'objecte'),
(1001, 'objecte'),
(1002, 'objecte'),
(1003, 'objecte'),
(1004, 'objecte'),
(1005, 'objecte'),
(1006, 'lloc'),
(1006, 'objecte'),
(1007, 'objecte'),
(1008, 'menjar'),
(1009, 'abstracte'),
(1010, 'abstracte'),
(1011, 'abstracte'),
(1012, 'abstracte'),
(1013, 'abstracte'),
(1014, 'abstracte'),
(1015, 'abstracte'),
(1016, 'abstracte'),
(1017, 'abstracte'),
(1019, 'joc'),
(1019, 'objecte'),
(1020, 'joc'),
(1021, 'lloc'),
(1022, 'abstracte'),
(1023, 'animal'),
(1024, 'animal'),
(1025, 'animal'),
(1026, 'objecte'),
(1027, 'objecte'),
(1028, 'objecte'),
(1029, 'objecte'),
(1030, 'objecte'),
(1031, 'objecte'),
(1032, 'objecte'),
(1033, 'objecte'),
(1034, 'objecte'),
(1035, 'menjar'),
(1036, 'menjar'),
(1037, 'menjar'),
(1038, 'objecte'),
(1039, 'abstracte'),
(1040, 'time'),
(1041, 'abstracte'),
(1042, 'abstracte'),
(1043, 'human'),
(1044, 'abstracte'),
(1045, 'abstracte'),
(1046, 'objecte'),
(1047, 'objecte'),
(1048, 'lloc'),
(1048, 'objecte'),
(1049, 'lloc'),
(1049, 'objecte'),
(1050, 'joc'),
(1050, 'objecte'),
(1051, 'inanimate'),
(1051, 'joc'),
(1052, 'event'),
(1052, 'objecte'),
(1053, 'event'),
(1053, 'lloc'),
(1054, 'event'),
(1054, 'lloc'),
(1056, 'abstracte'),
(1057, 'abstracte'),
(1058, 'abstracte'),
(1059, 'abstracte'),
(1060, 'abstracte'),
(1061, 'abstracte'),
(1062, 'abstracte'),
(1063, 'abstracte'),
(1064, 'abstracte'),
(1065, 'abstracte'),
(1066, 'abstracte'),
(1067, 'abstracte'),
(1068, 'abstracte'),
(1069, 'abstracte'),
(1070, 'abstracte'),
(1071, 'abstracte'),
(1072, 'abstracte'),
(1073, 'abstracte'),
(1074, 'abstracte'),
(1084, 'animal'),
(1085, 'abstracte'),
(1086, 'abstracte'),
(1087, 'forma'),
(1088, 'menjar'),
(1089, 'menjar'),
(1090, 'abstracte');


INSERT INTO `VerbES` (`verbid`, `verbtext`, `actiu`) VALUES
(1075, 'Fotocopiar', '1'),
(1076, 'tostar', '1'),
(1077, 'volver', '1'),
(1078, 'desvestirse', '1'),
(1079, 'hilar', '1'),
(1080, 'telefonear', '1'),
(1081, 'besar', '1'),
(1082, 'rascarse', '1'),
(1083, 'invitar', '1'),
(1091, 'secar', '1');


INSERT INTO `VerbConjugationES` (`verbid`, `tense`, `pers`, `singpl`, `verbconj`) VALUES
(1075, 'futur', 1, 'sing', 'fotocopiaré'),
(1075, 'futur', 1, 'pl', 'fotocopiaremos'),
(1075, 'futur', 2, 'sing', 'fotocopiarás'),
(1075, 'futur', 2, 'pl', 'fotocopiaréis'),
(1075, 'futur', 3, 'sing', 'fotocopiará'),
(1075, 'futur', 3, 'pl', 'fotocopiarán'),
(1075, 'gerundi', 0, 'sing', 'fotocopiando'),
(1075, 'imperatiu', 1, 'pl', 'fotocopiemos'),
(1075, 'imperatiu', 2, 'sing', 'fotocopia'),
(1075, 'imperatiu', 2, 'pl', 'fotocopiad'),
(1075, 'imperatiu', 3, 'sing', 'fotocopie'),
(1075, 'imperatiu', 3, 'pl', 'fotocopien'),
(1075, 'imperfecte', 1, 'sing', 'fotocopiaba'),
(1075, 'imperfecte', 1, 'pl', 'fotocopiábamos'),
(1075, 'imperfecte', 2, 'sing', 'fotocopiabas'),
(1075, 'imperfecte', 2, 'pl', 'fotocopiabais'),
(1075, 'imperfecte', 3, 'sing', 'fotocopiaba'),
(1075, 'imperfecte', 3, 'pl', 'fotocopiaban'),
(1075, 'impsubj', 1, 'sing', 'fotocopiasse'),
(1075, 'impsubj', 1, 'pl', 'fotocopiásemos'),
(1075, 'impsubj', 2, 'sing', 'fotocopiases'),
(1075, 'impsubj', 2, 'pl', 'fotocopiseis'),
(1075, 'impsubj', 3, 'sing', 'fotocopiase'),
(1075, 'impsubj', 3, 'pl', 'fotocopiasen'),
(1075, 'infinitiu', 0, 'sing', 'fotocopiar'),
(1075, 'participi', 0, 'sing', 'fotocopiado'),
(1075, 'present', 1, 'sing', 'fotocopio'),
(1075, 'present', 1, 'pl', 'fotocopiamos'),
(1075, 'present', 2, 'sing', 'fotocopias'),
(1075, 'present', 2, 'pl', 'fotocopiáis'),
(1075, 'present', 3, 'sing', 'fotocopia'),
(1075, 'present', 3, 'pl', 'fotocopian'),
(1075, 'prsubj', 1, 'sing', 'fotocopíe'),
(1075, 'prsubj', 1, 'pl', 'fotocopiemos'),
(1075, 'prsubj', 2, 'sing', 'fotocopíes'),
(1075, 'prsubj', 2, 'pl', 'fotocopiéis'),
(1075, 'prsubj', 3, 'sing', 'fotocopíe'),
(1075, 'prsubj', 3, 'pl', 'fotocopíen'),
(1076, 'futur', 1, 'sing', 'tostaré'),
(1076, 'futur', 1, 'pl', 'tostaremos'),
(1076, 'futur', 2, 'sing', 'tostarás'),
(1076, 'futur', 2, 'pl', 'tostaréis'),
(1076, 'futur', 3, 'sing', 'tostará'),
(1076, 'futur', 3, 'pl', 'tostarán'),
(1076, 'gerundi', 0, 'sing', 'tostando'),
(1076, 'imperatiu', 1, 'pl', 'tostemos'),
(1076, 'imperatiu', 2, 'sing', 'tuesta'),
(1076, 'imperatiu', 2, 'pl', 'tostad'),
(1076, 'imperatiu', 3, 'sing', 'tueste'),
(1076, 'imperatiu', 3, 'pl', 'tuesten'),
(1076, 'imperfecte', 1, 'sing', 'tostaba'),
(1076, 'imperfecte', 1, 'pl', 'tostábamos'),
(1076, 'imperfecte', 2, 'sing', 'tostabas'),
(1076, 'imperfecte', 2, 'pl', 'tostábais'),
(1076, 'imperfecte', 3, 'sing', 'tostaba'),
(1076, 'imperfecte', 3, 'pl', 'tostaban'),
(1076, 'impsubj', 1, 'sing', 'tostase'),
(1076, 'impsubj', 1, 'pl', 'tostásemos'),
(1076, 'impsubj', 2, 'sing', 'tostases'),
(1076, 'impsubj', 2, 'pl', 'tostáseis'),
(1076, 'impsubj', 3, 'sing', 'tostase'),
(1076, 'impsubj', 3, 'pl', 'tostasen'),
(1076, 'infinitiu', 0, 'sing', 'tostar'),
(1076, 'participi', 0, 'sing', 'tostado'),
(1076, 'present', 1, 'sing', 'tuesto'),
(1076, 'present', 1, 'pl', 'tostamos'),
(1076, 'present', 2, 'sing', 'tuestas'),
(1076, 'present', 2, 'pl', 'tostáis'),
(1076, 'present', 3, 'sing', 'tuesta'),
(1076, 'present', 3, 'pl', 'tuestan'),
(1076, 'prsubj', 1, 'sing', 'tueste'),
(1076, 'prsubj', 1, 'pl', 'tostémos'),
(1076, 'prsubj', 2, 'sing', 'tuestes'),
(1076, 'prsubj', 2, 'pl', 'tostéis'),
(1076, 'prsubj', 3, 'sing', 'tueste'),
(1076, 'prsubj', 3, 'pl', 'tuesten'),
(1077, 'futur', 1, 'sing', 'volveré'),
(1077, 'futur', 1, 'pl', 'volveremos'),
(1077, 'futur', 2, 'sing', 'volverás'),
(1077, 'futur', 2, 'pl', 'volveréis'),
(1077, 'futur', 3, 'sing', 'volverá'),
(1077, 'futur', 3, 'pl', 'volverán'),
(1077, 'gerundi', 0, 'sing', 'volviendo'),
(1077, 'imperatiu', 1, 'pl', 'volvámos'),
(1077, 'imperatiu', 2, 'sing', 'vuelve'),
(1077, 'imperatiu', 2, 'pl', 'volved'),
(1077, 'imperatiu', 3, 'sing', 'vuelva'),
(1077, 'imperatiu', 3, 'pl', 'vuelvan'),
(1077, 'imperfecte', 1, 'sing', 'volvía'),
(1077, 'imperfecte', 1, 'pl', 'volvíamos'),
(1077, 'imperfecte', 2, 'sing', 'volvías'),
(1077, 'imperfecte', 2, 'pl', 'volvíais'),
(1077, 'imperfecte', 3, 'sing', 'volvía'),
(1077, 'imperfecte', 3, 'pl', 'volvían'),
(1077, 'impsubj', 1, 'sing', 'volviese'),
(1077, 'impsubj', 1, 'pl', 'volviésemos'),
(1077, 'impsubj', 2, 'sing', 'volvieses'),
(1077, 'impsubj', 2, 'pl', 'volvieseis'),
(1077, 'impsubj', 3, 'sing', 'volviese'),
(1077, 'impsubj', 3, 'pl', 'volviesen'),
(1077, 'infinitiu', 0, 'sing', 'volver'),
(1077, 'participi', 0, 'sing', 'vuelto'),
(1077, 'present', 1, 'sing', 'vuelvo'),
(1077, 'present', 1, 'pl', 'volvemos'),
(1077, 'present', 2, 'sing', 'vuelves'),
(1077, 'present', 2, 'pl', 'volvéis'),
(1077, 'present', 3, 'sing', 'vuelve'),
(1077, 'present', 3, 'pl', 'vuelven'),
(1077, 'prsubj', 1, 'sing', 'vuelva'),
(1077, 'prsubj', 1, 'pl', 'volvamos'),
(1077, 'prsubj', 2, 'sing', 'vuelvas'),
(1077, 'prsubj', 2, 'pl', 'volváis'),
(1077, 'prsubj', 3, 'sing', 'vuelva'),
(1077, 'prsubj', 3, 'pl', 'vuelvan'),
(1078, 'futur', 1, 'sing', 'me desvestiré'),
(1078, 'futur', 1, 'pl', 'nos desvestiremos'),
(1078, 'futur', 2, 'sing', 'te desvestirás'),
(1078, 'futur', 2, 'pl', 'os desvestiréis'),
(1078, 'futur', 3, 'sing', 'se desvestirá'),
(1078, 'futur', 3, 'pl', 'se desvestirán'),
(1078, 'gerundi', 0, 'sing', 'desvistiendo'),
(1078, 'imperatiu', 1, 'pl', 'desvistámonos'),
(1078, 'imperatiu', 2, 'sing', 'desvístete'),
(1078, 'imperatiu', 2, 'pl', 'desvestíos'),
(1078, 'imperatiu', 3, 'sing', 'desvístase'),
(1078, 'imperatiu', 3, 'pl', 'desvístanse'),
(1078, 'imperfecte', 1, 'sing', 'me desvestía'),
(1078, 'imperfecte', 1, 'pl', 'nos desvestíamos'),
(1078, 'imperfecte', 2, 'sing', 'te desvestías'),
(1078, 'imperfecte', 2, 'pl', 'os desvestíais'),
(1078, 'imperfecte', 3, 'sing', 'se desvestía'),
(1078, 'imperfecte', 3, 'pl', 'se desvestían'),
(1078, 'impsubj', 1, 'sing', 'me desvistiese'),
(1078, 'impsubj', 1, 'pl', 'nos desvistiésemos'),
(1078, 'impsubj', 2, 'sing', 'te desvistieses'),
(1078, 'impsubj', 2, 'pl', 'os desvistieseis'),
(1078, 'impsubj', 3, 'sing', 'se desvistiese'),
(1078, 'impsubj', 3, 'pl', 'se desvistiesen'),
(1078, 'infinitiu', 0, 'sing', 'desvestirse'),
(1078, 'participi', 0, 'sing', 'desvestido'),
(1078, 'present', 1, 'sing', 'me desvisto'),
(1078, 'present', 1, 'pl', 'nos desvestimos'),
(1078, 'present', 2, 'sing', 'te desvistes'),
(1078, 'present', 2, 'pl', 'os desvestís'),
(1078, 'present', 3, 'sing', 'se desviste'),
(1078, 'present', 3, 'pl', 'se desvisten'),
(1078, 'prsubj', 1, 'sing', 'me desvista'),
(1078, 'prsubj', 1, 'pl', 'nos desvistamos'),
(1078, 'prsubj', 2, 'sing', 'te desvistas'),
(1078, 'prsubj', 2, 'pl', 'os desvistáis'),
(1078, 'prsubj', 3, 'sing', 'se desvista'),
(1078, 'prsubj', 3, 'pl', 'se desvistan'),
(1079, 'futur', 1, 'sing', 'hilaré'),
(1079, 'futur', 1, 'pl', 'hilaremos'),
(1079, 'futur', 2, 'sing', 'hilarás'),
(1079, 'futur', 2, 'pl', 'hilaréis'),
(1079, 'futur', 3, 'sing', 'hilará'),
(1079, 'futur', 3, 'pl', 'hilarán'),
(1079, 'gerundi', 0, 'sing', 'hilando'),
(1079, 'imperatiu', 1, 'pl', 'hilémos'),
(1079, 'imperatiu', 2, 'sing', 'hila'),
(1079, 'imperatiu', 2, 'pl', 'hilad'),
(1079, 'imperatiu', 3, 'sing', 'hila'),
(1079, 'imperatiu', 3, 'pl', 'hilen'),
(1079, 'imperfecte', 1, 'sing', 'hilaba'),
(1079, 'imperfecte', 1, 'pl', 'hilábamos'),
(1079, 'imperfecte', 2, 'sing', 'hilabas'),
(1079, 'imperfecte', 2, 'pl', 'hilabais'),
(1079, 'imperfecte', 3, 'sing', 'hilaba'),
(1079, 'imperfecte', 3, 'pl', 'hilaban'),
(1079, 'impsubj', 1, 'sing', 'hilase'),
(1079, 'impsubj', 1, 'pl', 'hilásemos'),
(1079, 'impsubj', 2, 'sing', 'hilases'),
(1079, 'impsubj', 2, 'pl', 'hilaseis'),
(1079, 'impsubj', 3, 'sing', 'hilase'),
(1079, 'impsubj', 3, 'pl', 'hilasen'),
(1079, 'infinitiu', 0, 'sing', 'hilar'),
(1079, 'participi', 0, 'sing', 'hilado'),
(1079, 'present', 1, 'sing', 'hilo'),
(1079, 'present', 1, 'pl', 'hilamos'),
(1079, 'present', 2, 'sing', 'hilas'),
(1079, 'present', 2, 'pl', 'hiláis'),
(1079, 'present', 3, 'sing', 'hila'),
(1079, 'present', 3, 'pl', 'hilan'),
(1079, 'prsubj', 1, 'sing', 'hile'),
(1079, 'prsubj', 1, 'pl', 'hilemos'),
(1079, 'prsubj', 2, 'sing', 'hiles'),
(1079, 'prsubj', 2, 'pl', 'hiléis'),
(1079, 'prsubj', 3, 'sing', 'hile'),
(1079, 'prsubj', 3, 'pl', 'hilen'),
(1080, 'futur', 1, 'sing', 'telefonearé'),
(1080, 'futur', 1, 'pl', 'telefonearemos'),
(1080, 'futur', 2, 'sing', 'telefonearás'),
(1080, 'futur', 2, 'pl', 'telefonearéis'),
(1080, 'futur', 3, 'sing', 'telefoneará'),
(1080, 'futur', 3, 'pl', 'telefonearán'),
(1080, 'gerundi', 0, 'sing', 'telefoneando'),
(1080, 'imperatiu', 1, 'pl', 'telefoneemos'),
(1080, 'imperatiu', 2, 'sing', 'telefonea'),
(1080, 'imperatiu', 2, 'pl', 'telefonead'),
(1080, 'imperatiu', 3, 'sing', 'telefonee'),
(1080, 'imperatiu', 3, 'pl', 'telefoneen'),
(1080, 'imperfecte', 1, 'sing', 'telefoneaba'),
(1080, 'imperfecte', 1, 'pl', 'telefoneábamos'),
(1080, 'imperfecte', 2, 'sing', 'telefoneabas'),
(1080, 'imperfecte', 2, 'pl', 'telefoneabais'),
(1080, 'imperfecte', 3, 'sing', 'telefoneaba'),
(1080, 'imperfecte', 3, 'pl', 'telefoneaban'),
(1080, 'impsubj', 1, 'sing', 'telefonease'),
(1080, 'impsubj', 1, 'pl', 'telefoneásemos'),
(1080, 'impsubj', 2, 'sing', 'telefoneases'),
(1080, 'impsubj', 2, 'pl', 'telefoneaseis'),
(1080, 'impsubj', 3, 'sing', 'telefonease'),
(1080, 'impsubj', 3, 'pl', 'telefoneasen'),
(1080, 'infinitiu', 0, 'sing', 'telefonear'),
(1080, 'participi', 0, 'sing', 'telefoneado'),
(1080, 'present', 1, 'sing', 'telefoneo'),
(1080, 'present', 1, 'pl', 'telefoneamos'),
(1080, 'present', 2, 'sing', 'telefoneas'),
(1080, 'present', 2, 'pl', 'telefoneais'),
(1080, 'present', 3, 'sing', 'telefonea'),
(1080, 'present', 3, 'pl', 'telefonean'),
(1080, 'prsubj', 1, 'sing', 'telefonee'),
(1080, 'prsubj', 1, 'pl', 'telefoneemos'),
(1080, 'prsubj', 2, 'sing', 'telefonees'),
(1080, 'prsubj', 2, 'pl', 'telefoneeis'),
(1080, 'prsubj', 3, 'sing', 'telefonee'),
(1080, 'prsubj', 3, 'pl', 'telefoneen'),
(1081, 'futur', 1, 'sing', 'besaré'),
(1081, 'futur', 1, 'pl', 'besaremos'),
(1081, 'futur', 2, 'sing', 'besarás'),
(1081, 'futur', 2, 'pl', 'besaréis'),
(1081, 'futur', 3, 'sing', 'besará'),
(1081, 'futur', 3, 'pl', 'besarán'),
(1081, 'gerundi', 0, 'sing', 'besando'),
(1081, 'imperatiu', 1, 'pl', 'besemos'),
(1081, 'imperatiu', 2, 'sing', 'besa'),
(1081, 'imperatiu', 2, 'pl', 'besad'),
(1081, 'imperatiu', 3, 'sing', 'bese'),
(1081, 'imperatiu', 3, 'pl', 'besen'),
(1081, 'imperfecte', 1, 'sing', 'besaba'),
(1081, 'imperfecte', 1, 'pl', 'besábamos'),
(1081, 'imperfecte', 2, 'sing', 'besabas'),
(1081, 'imperfecte', 2, 'pl', 'besábais'),
(1081, 'imperfecte', 3, 'sing', 'besaba'),
(1081, 'imperfecte', 3, 'pl', 'besaban'),
(1081, 'impsubj', 1, 'sing', 'besase'),
(1081, 'impsubj', 1, 'pl', 'besásemos'),
(1081, 'impsubj', 2, 'sing', 'besases'),
(1081, 'impsubj', 2, 'pl', 'besaseis'),
(1081, 'impsubj', 3, 'sing', 'besase'),
(1081, 'impsubj', 3, 'pl', 'besasen'),
(1081, 'infinitiu', 0, 'sing', 'besar'),
(1081, 'participi', 0, 'sing', 'besado'),
(1081, 'present', 1, 'sing', 'beso'),
(1081, 'present', 1, 'pl', 'besamos'),
(1081, 'present', 2, 'sing', 'besas'),
(1081, 'present', 2, 'pl', 'besais'),
(1081, 'present', 3, 'sing', 'besa'),
(1081, 'present', 3, 'pl', 'besan'),
(1081, 'prsubj', 1, 'sing', 'bese'),
(1081, 'prsubj', 1, 'pl', 'besemos'),
(1081, 'prsubj', 2, 'sing', 'beses'),
(1081, 'prsubj', 2, 'pl', 'beseis'),
(1081, 'prsubj', 3, 'sing', 'bese'),
(1081, 'prsubj', 3, 'pl', 'besen'),
(1082, 'futur', 1, 'sing', 'me rascaré'),
(1082, 'futur', 1, 'pl', 'nos rascaremos'),
(1082, 'futur', 2, 'sing', 'te rascarás'),
(1082, 'futur', 2, 'pl', 'os rascaréis'),
(1082, 'futur', 3, 'sing', 'se rascará'),
(1082, 'futur', 3, 'pl', 'se rascarán'),
(1082, 'gerundi', 0, 'sing', 'rascando'),
(1082, 'imperatiu', 1, 'pl', 'rasquémonos'),
(1082, 'imperatiu', 2, 'sing', 'ráscate'),
(1082, 'imperatiu', 2, 'pl', 'rascaos'),
(1082, 'imperatiu', 3, 'sing', 'rasquese'),
(1082, 'imperatiu', 3, 'pl', 'rasquense'),
(1082, 'imperfecte', 1, 'sing', 'me rascaba'),
(1082, 'imperfecte', 1, 'pl', 'nos rascábamos'),
(1082, 'imperfecte', 2, 'sing', 'te rascabas'),
(1082, 'imperfecte', 2, 'pl', 'os rascabais'),
(1082, 'imperfecte', 3, 'sing', 'se rascaba'),
(1082, 'imperfecte', 3, 'pl', 'se rascaban'),
(1082, 'impsubj', 1, 'sing', 'me rascase'),
(1082, 'impsubj', 1, 'pl', 'nos rascásemos'),
(1082, 'impsubj', 2, 'sing', 'te rascases'),
(1082, 'impsubj', 2, 'pl', 'os rascaseis'),
(1082, 'impsubj', 3, 'sing', 'se rascase'),
(1082, 'impsubj', 3, 'pl', 'se rascasen'),
(1082, 'infinitiu', 0, 'sing', 'rascarse'),
(1082, 'participi', 0, 'sing', 'rascado'),
(1082, 'present', 1, 'sing', 'me rasco'),
(1082, 'present', 1, 'pl', 'nos rascamos'),
(1082, 'present', 2, 'sing', 'te rascas'),
(1082, 'present', 2, 'pl', 'os rascais'),
(1082, 'present', 3, 'sing', 'se rasca'),
(1082, 'present', 3, 'pl', 'se rascan'),
(1082, 'prsubj', 1, 'sing', 'me rasque'),
(1082, 'prsubj', 1, 'pl', 'nos rasquemos'),
(1082, 'prsubj', 2, 'sing', 'te rasques'),
(1082, 'prsubj', 2, 'pl', 'os rasqueis'),
(1082, 'prsubj', 3, 'sing', 'se rasque'),
(1082, 'prsubj', 3, 'pl', 'se rasquen'),
(1083, 'futur', 1, 'sing', 'invitaré'),
(1083, 'futur', 1, 'pl', 'invitaremos'),
(1083, 'futur', 2, 'sing', 'invitarás'),
(1083, 'futur', 2, 'pl', 'invitareis'),
(1083, 'futur', 3, 'sing', 'invitará'),
(1083, 'futur', 3, 'pl', 'invitarán'),
(1083, 'gerundi', 0, 'sing', 'invitando'),
(1083, 'imperatiu', 1, 'pl', 'invitemos'),
(1083, 'imperatiu', 2, 'sing', 'invita'),
(1083, 'imperatiu', 2, 'pl', 'invitad'),
(1083, 'imperatiu', 3, 'sing', 'invite'),
(1083, 'imperatiu', 3, 'pl', 'inviten'),
(1083, 'imperfecte', 1, 'sing', 'invitaba'),
(1083, 'imperfecte', 1, 'pl', 'invitábamos'),
(1083, 'imperfecte', 2, 'sing', 'invitabas'),
(1083, 'imperfecte', 2, 'pl', 'invitabais'),
(1083, 'imperfecte', 3, 'sing', 'invitaba'),
(1083, 'imperfecte', 3, 'pl', 'invitaban'),
(1083, 'impsubj', 1, 'sing', 'invitase'),
(1083, 'impsubj', 1, 'pl', 'invitásemos'),
(1083, 'impsubj', 2, 'sing', 'invitases'),
(1083, 'impsubj', 2, 'pl', 'invitaseis'),
(1083, 'impsubj', 3, 'sing', 'invitase'),
(1083, 'impsubj', 3, 'pl', 'invitasen'),
(1083, 'infinitiu', 0, 'sing', 'invitar'),
(1083, 'participi', 0, 'sing', 'invitado'),
(1083, 'present', 1, 'sing', 'invito'),
(1083, 'present', 1, 'pl', 'invitamos'),
(1083, 'present', 2, 'sing', 'invitas'),
(1083, 'present', 2, 'pl', 'invitais'),
(1083, 'present', 3, 'sing', 'invita'),
(1083, 'present', 3, 'pl', 'invitan'),
(1083, 'prsubj', 1, 'sing', 'invite'),
(1083, 'prsubj', 1, 'pl', 'invitemos'),
(1083, 'prsubj', 2, 'sing', 'invites'),
(1083, 'prsubj', 2, 'pl', 'inviteis'),
(1083, 'prsubj', 3, 'sing', 'invite'),
(1083, 'prsubj', 3, 'pl', 'inviten'),
(1091, 'futur', 1, 'sing', 'secaré'),
(1091, 'futur', 1, 'pl', 'secaremos'),
(1091, 'futur', 2, 'sing', 'secarás'),
(1091, 'futur', 2, 'pl', 'secaréis'),
(1091, 'futur', 3, 'sing', 'secará'),
(1091, 'futur', 3, 'pl', 'secarán'),
(1091, 'gerundi', 0, 'sing', 'secando'),
(1091, 'imperatiu', 1, 'pl', 'sequemos'),
(1091, 'imperatiu', 2, 'sing', 'seca'),
(1091, 'imperatiu', 2, 'pl', 'secad'),
(1091, 'imperatiu', 3, 'sing', 'seque'),
(1091, 'imperatiu', 3, 'pl', 'sequen'),
(1091, 'imperfecte', 1, 'sing', 'secaba'),
(1091, 'imperfecte', 1, 'pl', 'secábamos'),
(1091, 'imperfecte', 2, 'sing', 'secabas'),
(1091, 'imperfecte', 2, 'pl', 'secabais'),
(1091, 'imperfecte', 3, 'sing', 'secaba'),
(1091, 'imperfecte', 3, 'pl', 'secaban'),
(1091, 'impsubj', 1, 'sing', 'secase'),
(1091, 'impsubj', 1, 'pl', 'secásemos'),
(1091, 'impsubj', 2, 'sing', 'secases'),
(1091, 'impsubj', 2, 'pl', 'secaseis'),
(1091, 'impsubj', 3, 'sing', 'secase'),
(1091, 'impsubj', 3, 'pl', 'secasen'),
(1091, 'infinitiu', 0, 'sing', 'secar'),
(1091, 'participi', 0, 'sing', 'secado'),
(1091, 'present', 1, 'sing', 'seco'),
(1091, 'present', 1, 'pl', 'secamos'),
(1091, 'present', 2, 'sing', 'secas'),
(1091, 'present', 2, 'pl', 'secais'),
(1091, 'present', 3, 'sing', 'seca'),
(1091, 'present', 3, 'pl', 'secan'),
(1091, 'prsubj', 1, 'sing', 'seque'),
(1091, 'prsubj', 1, 'pl', 'sequemos'),
(1091, 'prsubj', 2, 'sing', 'seques'),
(1091, 'prsubj', 2, 'pl', 'sequeis'),
(1091, 'prsubj', 3, 'sing', 'seque'),
(1091, 'prsubj', 3, 'pl', 'sequen');


INSERT INTO `PatternES` (`patternid`, `verbid`, `pronominal`, `pseudoimpersonal`, `copulatiu`, `tipusfrase`, `defaulttense`, `verbpeticio`, `subj`, `subjdef`, `theme`, `themetipus`, `themedef`, `themeprep`, `themeart`, `receiver`, `receiverdef`, `receiverprep`, `benef`, `beneftipus`, `benefdef`, `benefprep`, `acomp`, `acompdef`, `acompprep`, `tool`, `tooldef`, `toolprep`, `manera`, `maneradef`, `maneratipus`, `locto`, `loctotipus`, `loctodef`, `loctoprep`, `locfrom`, `locfromtipus`, `locfromdef`, `locfromprep`, `locat`, `locatdef`, `locatprep`, `time`, `expressio`, `subverb`, `exemple`) VALUES
(236, 1075, '0', '0', '0', 'enunciativa', 'present', NULL, 'human', '1', 'opt', 'objecte', '', '', NULL, '', '', '', '', '', NULL, '', '', NULL, '', '', NULL, '', NULL, NULL, NULL, 'opt', 'noun', NULL, 'en', NULL, NULL, NULL, NULL, NULL, NULL, NULL, NULL, NULL, '0', ''),
(237, 1076, '0', '0', '0', 'enunciativa', 'present', NULL, 'human', '1', 'opt', 'menjar', '', '', NULL, '', '', '', 'opt', 'animate', NULL, 'para', '', NULL, '', '', NULL, '', NULL, NULL, NULL, 'opt', 'lloc', NULL, 'en', NULL, NULL, NULL, NULL, NULL, NULL, NULL, NULL, NULL, '0', ''),
(238, 1077, '0', '0', '0', 'enunciativa', 'present', NULL, 'animate', '1', '', '', '', '', NULL, '', '', '', '', '', NULL, '', '', NULL, '', '', NULL, '', NULL, NULL, NULL, '1', 'lloc', NULL, 'a', NULL, NULL, NULL, NULL, NULL, NULL, NULL, NULL, NULL, '0', ''),
(239, 1077, '0', '0', '0', 'enunciativa', 'present', NULL, 'animate', '1', '', '', '', '', NULL, '', '', '', '', '', NULL, '', '', NULL, '', '', NULL, '', NULL, NULL, NULL, '1', 'verb', NULL, 'de', NULL, NULL, NULL, NULL, NULL, NULL, NULL, NULL, NULL, '1', ''),
(240, 1078, '1', '0', '0', 'enunciativa', 'present', NULL, 'human', '1', '', '', '', '', NULL, '', '', '', '', '', NULL, '', '', NULL, '', '', NULL, '', NULL, NULL, NULL, 'opt', 'lloc', NULL, 'en', NULL, NULL, NULL, NULL, NULL, NULL, NULL, NULL, NULL, '0', ''),
(241, 1079, '0', '0', '0', 'enunciativa', 'present', NULL, 'human', '1', 'opt', 'objecte', '', '', NULL, '', '', '', '', '', NULL, '', '', NULL, '', '', NULL, '', NULL, NULL, NULL, '', '', NULL, '', NULL, NULL, NULL, NULL, NULL, NULL, NULL, NULL, NULL, '0', ''),
(242, 1080, '0', '0', '0', 'enunciativa', 'present', NULL, 'human', '1', '', '', '', '', NULL, '1', 'tú', 'a', '', '', NULL, '', '', NULL, '', '', NULL, '', NULL, NULL, NULL, '', '', NULL, '', NULL, NULL, NULL, NULL, NULL, NULL, NULL, NULL, NULL, '0', ''),
(243, 1081, '0', '0', '0', 'enunciativa', 'present', NULL, 'animate', '1', '', '', '', '', NULL, '1', 'tú', '', '', '', NULL, '', '', NULL, '', '', NULL, '', NULL, NULL, NULL, 'opt', 'lloc', NULL, 'en', NULL, NULL, NULL, NULL, NULL, NULL, NULL, NULL, NULL, '0', ''),
(244, 1082, '1', '0', '0', 'enunciativa', 'present', NULL, 'animate', '1', 'opt', 'cos', '', '', NULL, '1', 'mí', 'a', '', '', NULL, '', '', NULL, '', '', NULL, '', NULL, NULL, NULL, '', '', NULL, '', NULL, NULL, NULL, NULL, NULL, NULL, NULL, NULL, NULL, '0', ''),
(245, 1083, '0', '0', '0', 'enunciativa', 'present', NULL, 'animate', '1', 'opt', 'inanimate', '', 'a', NULL, '1', 'tú', 'a', '', '', NULL, '', '', NULL, '', '', NULL, '', NULL, NULL, NULL, '', '', NULL, '', NULL, NULL, NULL, NULL, NULL, NULL, NULL, NULL, NULL, '0', ''),
(246, 1091, '0', '0', '0', 'enunciativa', 'present', NULL, 'human', '1', 'opt', 'noun', '', '', NULL, '', '', '', '', '', NULL, '', '', NULL, '', 'opt', NULL, 'con', NULL, NULL, NULL, 'opt', 'lloc', NULL, 'en', NULL, NULL, NULL, NULL, NULL, NULL, NULL, NULL, NULL, '0', '');

UPDATE `Content` SET `content` = '<p class=\"section-content-subtitle\"><strong>Ús de les <i>cookies</i></strong></p>\r\n<p>La nostra aplicació web utilitza <i>cookies</i> per a funcionar. Les <i>cookies</i> són uns fitxers petits de text introduïts per un lloc web en el disc dur de l\'ordinador, que agilitzen i optimitzen l\'ús de la web. Les <i>cookies</i> emmagatzemen informació sobre les referències d\'un usuari per a un determinat lloc web. En cap cas les <i>cookies</i> emmagatzemen informació referent a dades personals dels usuaris.</p>\r\n<p>L\'usuari pot configurar el navegador per ser avisat de la recepció de <i>cookies</i>, així com per a acceptar o rebutjar les <i>cookies</i>. Per a ampliar aquesta informació consulti les guies d\'ajuda del navegador. En cas que desactivi les <i>cookies</i> l\'aplicació deixarà de funcionar.</p> <p>Aquesta aplicació web utilitza les següents <b><i>cookies</i> pròpies</b>:</p> <p><b><i>Cookies</i> de sessió</b>: Emmagatzemen informació referent a la configuració escollida per l\'usuari. També comproven que l\'usuari sigui humà per a combatre el <i>spam</i>.</p>  <p><b>Es poden eliminar les <i>cookies</i>?</b></p> <p>Sí. No només es poden eliminar sinó també bloquejar de forma general o particular per a un domini específic.</p> <p>Per a eliminar les <i>cookies</i> d\'un lloc web ha d\'anar a la configuració del navegador i allí podrà buscar les associades al domini en qüestió i procedir a la seva eliminació.</p> <p>Si té dubtes sobre aquesta política de <i>cookies</i>, pot contactar amb JOCOMUNICO a través de l\'apartat de Contacte de l\'aplicació.</p> <br/> <p class=\"section-content-subtitle\"><strong>Política de privadesa</strong></p> <p>USUARIS: L\'accés i/o ús d\'aquest portal JOCOMUNICO atribueix la condició d\'USUARI, que accepta, des d\'aquest accés i/o ús, les Condicions generals d\'ús reflectides aquí. Les Condicions citades seran aplicable independentment de les Condicions Generals de Contractació que si escau resultin d\'obligat compliment.</p> <p>ÚS DEL PORTAL: El domini proporciona l\'accés a multitud d\'informacions, serveis, programes o dades (d\'ara endavant, \"els continguts\") a Internet pertanyents a JOCOMUNICO. L\'USUARI assumeix la responsabilitat de l\'ús del portal. Aquesta responsabilitat s\'estén al registre necessari per a accedir a determinats serveis o continguts. En aquest registre l\'USUARI serà responsable d\'aportar informació veraç i lícita. Com a conseqüència d\'aquest registre, a l\'USUARI se li pot proporcionar una contrasenya de la qual serà responsable, comprometent-se a fer-ne un ús diligent i confidencial. L\'USUARI es compromet a fer un ús adequat dels continguts i serveis que JOCOMUNICO ofereix a través del portal i, amb caràcter enunciatiu però no limitatiu, a no emprar-los per a (i) incórrer en activitats il·lícites, il·legals o contràries a la bona fe i a l\'ordre públic; (ii) difondre continguts o propaganda de caràcter racista, xenòfob, pornogràfic-il·legal, d\'apologia del terrorisme o atemptatori contra els drets humans; (iii) provocar danys en els sistemes físics i lògics de JOCOMUNICO, dels seus proveïdors o de terceres persones, introduir o difondre a la xarxa virus informàtics o qualssevol altres sistemes físics o lògics que siguin susceptibles de provocar els danys anteriorment esmentats; (iv) intentar accedir i, si escau, utilitzar els comptes de correu electrònic d\'altres usuaris i modificar o manipular els missatges.</p>  <p>PROTECCIÓ I TRACTAMENT DE DADES: En compliment del que disposen el Reglament (UE) 2016/679 del Parlament Europeu i del Consell, de 27 d\'abril de 2016 (RGPD), i la Llei Orgànica 3/2018, de 5 de desembre (LOPDGDD), s\'informa a les persones usuàries de la present pàgina web sobre la política respecte al tractament i protecció de les dades de caràcter personal que puguin ser recollides a través d\'aquesta.<br /><br /> <u>Responsable del tractament</u> <br /> Raó social: Associació Accessibilitat Tecnològica i Més (AT+)<br /> CIF: G19900737 <br > Correu electrònic de contacte: info[@]jocomunico.com<br /><br /> <u>Finalitat del tractament</u><br /> Les dades personals recollides a través dels diferents formularis d\'aquesta web s\'utilitzaran per a: <br /> <ul> <li> Gestionar les consultes, sol·licituds o comunicacions rebudes. </li> <li>Enviar informació relacionada amb els nostres serveis, quan la persona interessada ho hagi sol·licitat o consentit expressament. </li> <li> Personalitzar els serveis dins de l\'àrea privada. </li> </ul> <u> Comunicació de dades a tercers </u> <br /> No es comunicaran les dades a tercers, llevat d\'obligació legal o quan sigui necessari per a la prestació d\'un servei subcontractat (per exemple, serveis d\'allotjament web, enviament de newsletters, etc.), sempre sota els acords de confidencialitat corresponents. <br /><br /> <u> Drets de les persones interessades </u> <br /> Qualsevol persona té dret a obtenir confirmació sobre si AT+ està tractant les seves dades personals. Les persones interessades tenen dret a: <br /> <ul> <li> Accedir a les seves dades personals. </li> <li> Sol·licitar la rectificació de les dades inexactes. </li> <li> Sol·licitar la supressió de les dades quan, entre altres motius, ja no siguin necessàries per a les finalitats per les quals van ser recollides. </li> <li> Sol·licitar la limitació o oposició al tractament de les seves dades. </li> <li> Retirar el consentiment en qualsevol moment. </li> <li> Sol·licitar la portabilitat de les seves dades. </li> </ul> Per exercir aquests drets, la persona interessada pot enviar una sol·licitud escrita i signada a info[@]jocomunico.com, adjuntant una còpia del seu document d\'identitat. Per eliminar totes les dades personals emmagatzemades, també pot eliminar el seu usuari des de l\'àrea privada de l\'aplicació. <br /><br /> <u> Mesures de seguretat </u> <br /> AT+ ha adoptat les mesures tècniques i organitzatives necessàries per garantir la seguretat de les dades personals i evitar-ne l\'alteració, pèrdua, tractament o accés no autoritzat, tenint en compte l\'estat de la tecnologia, la naturalesa de les dades emmagatzemades i els riscos a què estan exposades. <br /><br /> <u> Modificació de la política de privacitat </u> <br /> AT+ es reserva el dret de modificar la present política per adaptar-la a novetats legislatives o jurisprudencials, així com a pràctiques del sector. </p>  <p>PROPIETAT INTEL·LECTUAL I INDUSTRIAL: JOCOMUNICO per si mateixa o com a cessionària, és titular de tots els drets de propietat intel·lectual i industrial de la pàgina web, així com dels elements que conté (a títol enunciatiu, imatges, so, àudio, vídeo, programari o textos; marques o logotips, combinacions de colors, estructura i disseny, selecció de materials usats, programes d\'ordinador necessaris per al seu funcionament, accés i ús, etc.), titularitat de JOCOMUNICO. Tots els drets reservats. En virtut del que es disposa en els articles 8 i 32.1, paràgraf segon, de la Llei de Propietat Intel·lectual, queden expressament prohibides la reproducció, la distribució i la comunicació pública, inclosa la seva modalitat de posada a disposició, de la totalitat o part dels continguts d\'aquesta pàgina web, amb finalitats comercials, en qualsevol suport i per qualsevol mitjà tècnic, sense l\'autorització de JOCOMUNICO. L\'USUARI es compromet a respectar els drets de Propietat Intel·lectual i Industrial titularitat de JOCOMUNICO. Podrà visualitzar els elements del portal i fins i tot imprimir-los, copiar-los i emmagatzemar-los en el disc dur de l’ordinador o en qualsevol altre suport físic sempre que sigui, única i exclusivament, per al seu ús personal i privat. L\'USUARI haurà d\'abstenir-se de suprimir, alterar, eludir o manipular qualsevol dispositiu de protecció o sistema de seguretat que estigués instal·lat a les pàgines de JOCOMUNICO.</p> <p>EXCLUSIÓ DE GARANTIES I RESPONSABILITAT: JOCOMUNICO no es fa responsable, en cap cas, dels danys i perjudicis de qualsevol naturalesa que poguessin ocasionar, a títol enunciatiu: errors o omissions en els continguts, falta de disponibilitat del portal o la transmissió de virus o programes maliciosos o lesius en els continguts, malgrat haver adoptat totes les mesures tecnològiques necessàries per evitar-ho.</p> <p>MODIFICACIONS: JOCOMUNICO es reserva el dret d\'efectuar sense previ avís les modificacions que consideri oportunes al portal, podent canviar, suprimir o afegir tant els continguts i serveis que s’hi presten com la forma en què aquests apareguin presentats o localitzats al portal.</p> <p>ENLLAÇOS: En el cas que en nom del domini es disposessin enllaços o hipervincles cap a altres llocs d\'Internet, JOCOMUNICO no exercirà cap tipus de control sobre aquests llocs i continguts. En cap cas JOCOMUNICO assumirà responsabilitat alguna pels continguts d\'algun enllaç pertanyent a un lloc web aliè, ni garantirà la disponibilitat tècnica, qualitat, fiabilitat, exactitud, amplitud, veracitat, validesa i constitucionalitat de qualsevol material o informació continguda en cap d\'aquests hipervincles o altres llocs d\'Internet. Igualment la inclusió d\'aquestes connexions externes no implicarà cap tipus d\'associació, fusió o participació amb les entitats connectades.</p> <p>DRET D\'EXCLUSIÓ: JOCOMUNICO es reserva el dret a denegar o retirar l\'accés a portal i/o els serveis oferts sense necessitat de preavís, a instància pròpia o d\'un tercer, a aquells usuaris que incompleixin les presents Condicions Generals d\'Ús.</p> <p> GENERALITATS:</p> <p>JOCOMUNICO perseguirà l\'incompliment de les condicions presents així com qualsevol utilització indeguda del portal exercint totes les accions civils i penals que li puguin correspondre en dret.</p> <p> MODIFICACIÓ DE LES CONDICIONS PRESENTS I DURADA:</p> <p>JOCOMUNICO podrà modificar en qualsevol moment les condicions aquí determinades, sent degudament publicades com aquí apareixen. La vigència de les condicions citades anirà en funció de la seva exposició i estaran vigents fins que siguin modificades per unes altres degudament publicades.</p> <p> LEGISLACIÓ APLICABLE I JURISDICCIÓ:</p> <p>La relació entre JOCOMUNICO i l\'USUARI es regirà per la normativa espanyola vigent i qualsevol controvèrsia se sotmetrà als Jutjats i tribunals de la ciutat de Barcelona.</p> ' WHERE `Content`.`idString` = 5007 AND `Content`.`tagString` = 'contentprivacy' AND `Content`.`ID_CLanguage` = 1;
UPDATE `Content` SET `content` = '<p class=\"section-content-subtitle\"><strong>Uso de las <i>cookies</i></strong></p>\r\n<p>Nuestra aplicación web utiliza <i>cookies</i> para funcionar. Las <i>cookies</i> son pequeños archivos de texto introducidos por un sitio web en el disco duro del ordenador, que agilizan y optimizan el uso de la web. Las <i>cookies</i> almacenan información sobre las preferencias de un usuario para un determinado sitio web. En ningún caso las <i>cookies</i> almacenan información relativa a datos personales de los usuarios.</p>\r\n<p>El usuario puede configurar el navegador para ser avisado de la recepción de <i>cookies</i>, así como para aceptar o rechazar las <i>cookies</i>. Para ampliar esta información consulte las guías de ayuda del navegador. En caso de que desactive las <i>cookies</i> la aplicación dejará de funcionar.</p> \r\n<p>Esta aplicación web utiliza las siguientes <b><i>cookies</i> propias</b>:</p> \r\n<p><b><i>Cookies</i> de sesión</b>: Almacenan información relativa a la configuración elegida por el usuario. También comprueban que el usuario sea humano para combatir el <i>spam</i>.</p>  \r\n<p><b>¿Se pueden eliminar las <i>cookies</i>?</b></p> \r\n<p>Sí. No solo se pueden eliminar sino también bloquear de forma general o particular para un dominio específico.</p> \r\n<p>Para eliminar las <i>cookies</i> de un sitio web debe ir a la configuración del navegador y allí podrá buscar las asociadas al dominio en cuestión y proceder a su eliminación.</p> \r\n<p>Si tiene dudas sobre esta política de <i>cookies</i>, puede contactar con JOCOMUNICO a través del apartado de Contacto de la aplicación.</p> \r\n<br/> \r\n<p class=\"section-content-subtitle\"><strong>Política de privacidad</strong></p> \r\n<p>USUARIOS: El acceso y/o uso de este portal JOCOMUNICO atribuye la condición de USUARIO, que acepta, desde dicho acceso y/o uso, las Condiciones generales de uso aquí reflejadas. Las Condiciones citadas serán aplicables independientemente de las Condiciones Generales de Contratación que en su caso resulten de obligado cumplimiento.</p> \r\n<p>USO DEL PORTAL: El dominio proporciona el acceso a multitud de informaciones, servicios, programas o datos (en adelante, \"los contenidos\") en Internet pertenecientes a JOCOMUNICO. El USUARIO asume la responsabilidad del uso del portal. Esta responsabilidad se extiende al registro necesario para acceder a determinados servicios o contenidos. En dicho registro el USUARIO será responsable de aportar información veraz y lícita. Como consecuencia de este registro, al USUARIO se le puede proporcionar una contraseña de la cual será responsable, comprometiéndose a hacer un uso diligente y confidencial de la misma. El USUARIO se compromete a hacer un uso adecuado de los contenidos y servicios que JOCOMUNICO ofrece a través del portal y, con carácter enunciativo pero no limitativo, a no emplearlos para (i) incurrir en actividades ilícitas, ilegales o contrarias a la buena fe y al orden público; (ii) difundir contenidos o propaganda de carácter racista, xenófobo, pornográfico-ilegal, de apología del terrorismo o atentatorio contra los derechos humanos; (iii) provocar daños en los sistemas físicos y lógicos de JOCOMUNICO, de sus proveedores o de terceras personas, introducir o difundir en la red virus informáticos o cualesquiera otros sistemas físicos o lógicos que sean susceptibles de provocar los daños anteriormente mencionados; (iv) intentar acceder y, en su caso, utilizar las cuentas de correo electrónico de otros usuarios y modificar o manipular sus mensajes.</p>  \r\n<p>PROTECCIÓN Y TRATAMIENTO DE DATOS: En cumplimiento de lo dispuesto en el Reglamento (UE) 2016/679 del Parlamento Europeo y del Consejo, de 27 de abril de 2016 (RGPD), y la Ley Orgánica 3/2018, de 5 de diciembre (LOPDGDD), se informa a los usuarios de la presente página web sobre la política respecto al tratamiento y protección de los datos de carácter personal que puedan ser recogidos a través de la misma.<br /><br /> \r\n<u>Responsable del tratamiento</u> <br /> Razón social: Associació Accessibilitat Tecnològica i Més (AT+) <br /> CIF: G19900737 <br > Correo electrónico de contacto: info[@]jocomunico.com<br /><br /> \r\n<u>Finalidad del tratamiento</u><br /> Los datos personales recogidos a través de los distintos formularios de esta web se utilizarán para: <br /> \r\n<ul> \r\n<li> Gestionar las consultas, solicitudes o comunicaciones recibidas. </li> \r\n<li>Enviar información relacionada con nuestros servicios, cuando la persona interesada lo haya solicitado o consentido expresamente. </li> \r\n<li> Personalizar los servicios dentro del área privada. </li> \r\n</ul> \r\n<u> Comunicación de datos a terceros </u> <br /> No se comunicarán los datos a terceros, salvo obligación legal o cuando sea necesario para la prestación de un servicio subcontratado (por ejemplo, servicios de alojamiento web, envío de newsletters, etc.), siempre bajo los correspondientes acuerdos de confidencialidad. <br /><br /> \r\n<u> Derechos de las personas interesadas </u> <br /> Cualquier persona tiene derecho a obtener confirmación sobre si AT+ está tratando sus datos personales. Las personas interesadas tienen derecho a: <br /> \r\n<ul> \r\n<li> Acceder a sus datos personales. </li> \r\n<li> Solicitar la rectificación de los datos inexactos. </li> \r\n<li> Solicitar la supresión de los datos cuando, entre otros motivos, ya no sean necesarios para las finalidades para las que fueron recogidos. </li> \r\n<li> Solicitar la limitación u oposición al tratamiento de sus datos. </li> \r\n<li> Retirar el consentimiento en cualquier momento. </li> \r\n<li> Solicitar la portabilidad de sus datos. </li> \r\n</ul> \r\nPara ejercer estos derechos, la persona interesada puede enviar una solicitud escrita y firmada a info[@]jocomunico.com, adjuntando una copia de su documento de identidad. Para eliminar todos los datos personales almacenados, también puede eliminar su usuario desde el área privada de la aplicación. <br /><br /> \r\n<u> Medidas de seguridad </u> <br /> AT+ ha adoptado las medidas técnicas y organizativas necesarias para garantizar la seguridad de los datos personales y evitar su alteración, pérdida, tratamiento o acceso no autorizado, teniendo en cuenta el estado de la tecnología, la naturaleza de los datos almacenados y los riesgos a los que están expuestos. <br /><br /> \r\n<u> Modificación de la política de privacidad </u> <br /> AT+ se reserva el derecho de modificar la presente política para adaptarla a novedades legislativas o jurisprudenciales, así como a prácticas del sector. </p>  \r\n<p>PROPIEDAD INTELECTUAL E INDUSTRIAL: JOCOMUNICO por sí misma o como cesionaria, es titular de todos los derechos de propiedad intelectual e industrial de la página web, así como de los elementos que contiene (a título enunciativo, imágenes, sonido, audio, vídeo, software o textos; marcas o logotipos, combinaciones de colores, estructura y diseño, selección de materiales usados, programas de ordenador necesarios para su funcionamiento, acceso y uso, etc.), titularidad de JOCOMUNICO. Todos los derechos reservados. En virtud de lo dispuesto en los artículos 8 y 32.1, párrafo segundo, de la Ley de Propiedad Intelectual, quedan expresamente prohibidas la reproducción, la distribución y la comunicación pública, incluida su modalidad de puesta a disposición, de la totalidad o parte de los contenidos de esta página web, con fines comerciales, en cualquier soporte y por cualquier medio técnico, sin la autorización de JOCOMUNICO. El USUARIO se compromete a respetar los derechos de Propiedad Intelectual e Industrial titularidad de JOCOMUNICO. Podrá visualizar los elementos del portal e incluso imprimirlos, copiarlos y almacenarlos en el disco duro del ordenador o en cualquier otro soporte físico siempre que sea, única y exclusivamente, para su uso personal y privado. El USUARIO deberá abstenerse de suprimir, alterar, eludir o manipular cualquier dispositivo de protección o sistema de seguridad que estuviera instalado en las páginas de JOCOMUNICO.</p> \r\n<p>EXCLUSIÓN DE GARANTÍAS Y RESPONSABILIDAD: JOCOMUNICO no se hace responsable, en ningún caso, de los daños y perjuicios de cualquier naturaleza que pudieran ocasionar, a título enunciativo: errores u omisiones en los contenidos, falta de disponibilidad del portal o la transmisión de virus o programas maliciosos o lesivos en los contenidos, a pesar de haber adoptado todas las medidas tecnológicas necesarias para evitarlo.</p> \r\n<p>MODIFICACIONES: JOCOMUNICO se reserva el derecho de efectuar sin previo aviso las modificaciones que considere oportunas en el portal, pudiendo cambiar, suprimir o añadir tanto los contenidos y servicios que se presten como la forma en la que estos aparezcan presentados o localizados en el portal.</p> \r\n<p>ENLACES: En el caso de que en nombre del dominio se dispusieran enlaces o hipervínculos hacia otros sitios de Internet, JOCOMUNICO no ejercerá ningún tipo de control sobre dichos sitios y contenidos. En ningún caso JOCOMUNICO asumirá responsabilidad alguna por los contenidos de algún enlace perteneciente a un sitio web ajeno, ni garantizará la disponibilidad técnica, calidad, fiabilidad, exactitud, amplitud, veracidad, validez y constitucionalidad de cualquier material o información contenida en ninguno de dichos hipervínculos u otros sitios de Internet. Igualmente la inclusión de estas conexiones externas no implicará ningún tipo de asociación, fusión o participación con las entidades conectadas.</p> \r\n<p>DERECHO DE EXCLUSIÓN: JOCOMUNICO se reserva el derecho a denegar o retirar el acceso al portal y/o los servicios ofrecidos sin necesidad de preaviso, a instancia propia o de un tercero, a aquellos usuarios que incumplan las presentes Condiciones Generales de Uso.</p> \r\n<p> GENERALIDADES:</p> \r\n<p>JOCOMUNICO perseguirá el incumplimiento de las presentes condiciones así como cualquier utilización indebida del portal ejerciendo todas las acciones civiles y penales que le puedan corresponder en derecho.</p> \r\n<p> MODIFICACIÓN DE LAS PRESENTES CONDICIONES Y DURACIÓN:</p> \r\n<p>JOCOMUNICO podrá modificar en cualquier momento las condiciones aquí determinadas, siendo debidamente publicadas como aquí aparecen. La vigencia de las citadas condiciones irá en función de su exposición y estarán vigentes hasta que sean modificadas por otras debidamente publicadas.</p> \r\n<p> LEGISLACIÓN APLICABLE Y JURISDICCIÓN:</p> \r\n<p>La relación entre JOCOMUNICO y el USUARIO se regirá por la normativa española vigente y cualquier controversia se someterá a los Juzgados y tribunales de la ciudad de Barcelona.</p>' WHERE `Content`.`idString` = 5007 AND `Content`.`tagString` = 'contentprivacy' AND `Content`.`ID_CLanguage` = 2;
UPDATE `Content` SET `content` = '<p class=\"section-content-subtitle\"><strong>Uso de las <i>cookies</i></strong></p>\r\n<p>Nuestra aplicación web utiliza <i>cookies</i> para funcionar. Las <i>cookies</i> son pequeños archivos de texto introducidos por un sitio web en el disco duro del ordenador, que agilizan y optimizan el uso de la web. Las <i>cookies</i> almacenan información sobre las preferencias de un usuario para un determinado sitio web. En ningún caso las <i>cookies</i> almacenan información relativa a datos personales de los usuarios.</p>\r\n<p>El usuario puede configurar el navegador para ser avisado de la recepción de <i>cookies</i>, así como para aceptar o rechazar las <i>cookies</i>. Para ampliar esta información consulte las guías de ayuda del navegador. En caso de que desactive las <i>cookies</i> la aplicación dejará de funcionar.</p> \r\n<p>Esta aplicación web utiliza las siguientes <b><i>cookies</i> propias</b>:</p> \r\n<p><b><i>Cookies</i> de sesión</b>: Almacenan información relativa a la configuración elegida por el usuario. También comprueban que el usuario sea humano para combatir el <i>spam</i>.</p>  \r\n<p><b>¿Se pueden eliminar las <i>cookies</i>?</b></p> \r\n<p>Sí. No solo se pueden eliminar sino también bloquear de forma general o particular para un dominio específico.</p> \r\n<p>Para eliminar las <i>cookies</i> de un sitio web debe ir a la configuración del navegador y allí podrá buscar las asociadas al dominio en cuestión y proceder a su eliminación.</p> \r\n<p>Si tiene dudas sobre esta política de <i>cookies</i>, puede contactar con JOCOMUNICO a través del apartado de Contacto de la aplicación.</p> \r\n<br/> \r\n<p class=\"section-content-subtitle\"><strong>Política de privacidad</strong></p> \r\n<p>USUARIOS: El acceso y/o uso de este portal JOCOMUNICO atribuye la condición de USUARIO, que acepta, desde dicho acceso y/o uso, las Condiciones generales de uso aquí reflejadas. Las Condiciones citadas serán aplicables independientemente de las Condiciones Generales de Contratación que en su caso resulten de obligado cumplimiento.</p> \r\n<p>USO DEL PORTAL: El dominio proporciona el acceso a multitud de informaciones, servicios, programas o datos (en adelante, \"los contenidos\") en Internet pertenecientes a JOCOMUNICO. El USUARIO asume la responsabilidad del uso del portal. Esta responsabilidad se extiende al registro necesario para acceder a determinados servicios o contenidos. En dicho registro el USUARIO será responsable de aportar información veraz y lícita. Como consecuencia de este registro, al USUARIO se le puede proporcionar una contraseña de la cual será responsable, comprometiéndose a hacer un uso diligente y confidencial de la misma. El USUARIO se compromete a hacer un uso adecuado de los contenidos y servicios que JOCOMUNICO ofrece a través del portal y, con carácter enunciativo pero no limitativo, a no emplearlos para (i) incurrir en actividades ilícitas, ilegales o contrarias a la buena fe y al orden público; (ii) difundir contenidos o propaganda de carácter racista, xenófobo, pornográfico-ilegal, de apología del terrorismo o atentatorio contra los derechos humanos; (iii) provocar daños en los sistemas físicos y lógicos de JOCOMUNICO, de sus proveedores o de terceras personas, introducir o difundir en la red virus informáticos o cualesquiera otros sistemas físicos o lógicos que sean susceptibles de provocar los daños anteriormente mencionados; (iv) intentar acceder y, en su caso, utilizar las cuentas de correo electrónico de otros usuarios y modificar o manipular sus mensajes.</p>  \r\n<p>PROTECCIÓN Y TRATAMIENTO DE DATOS: En cumplimiento de lo dispuesto en el Reglamento (UE) 2016/679 del Parlamento Europeo y del Consejo, de 27 de abril de 2016 (RGPD), y la Ley Orgánica 3/2018, de 5 de diciembre (LOPDGDD), se informa a los usuarios de la presente página web sobre la política respecto al tratamiento y protección de los datos de carácter personal que puedan ser recogidos a través de la misma.<br /><br /> \r\n<u>Responsable del tratamiento</u> <br /> Razón social: Associació Accessibilitat Tecnològica i Més (AT+) <br /> CIF: G19900737 <br > Correo electrónico de contacto: info[@]jocomunico.com<br /><br /> \r\n<u>Finalidad del tratamiento</u><br /> Los datos personales recogidos a través de los distintos formularios de esta web se utilizarán para: <br /> \r\n<ul> \r\n<li> Gestionar las consultas, solicitudes o comunicaciones recibidas. </li> \r\n<li>Enviar información relacionada con nuestros servicios, cuando la persona interesada lo haya solicitado o consentido expresamente. </li> \r\n<li> Personalizar los servicios dentro del área privada. </li> \r\n</ul> \r\n<u> Comunicación de datos a terceros </u> <br /> No se comunicarán los datos a terceros, salvo obligación legal o cuando sea necesario para la prestación de un servicio subcontratado (por ejemplo, servicios de alojamiento web, envío de newsletters, etc.), siempre bajo los correspondientes acuerdos de confidencialidad. <br /><br /> \r\n<u> Derechos de las personas interesadas </u> <br /> Cualquier persona tiene derecho a obtener confirmación sobre si AT+ está tratando sus datos personales. Las personas interesadas tienen derecho a: <br /> \r\n<ul> \r\n<li> Acceder a sus datos personales. </li> \r\n<li> Solicitar la rectificación de los datos inexactos. </li> \r\n<li> Solicitar la supresión de los datos cuando, entre otros motivos, ya no sean necesarios para las finalidades para las que fueron recogidos. </li> \r\n<li> Solicitar la limitación u oposición al tratamiento de sus datos. </li> \r\n<li> Retirar el consentimiento en cualquier momento. </li> \r\n<li> Solicitar la portabilidad de sus datos. </li> \r\n</ul> \r\nPara ejercer estos derechos, la persona interesada puede enviar una solicitud escrita y firmada a info[@]jocomunico.com, adjuntando una copia de su documento de identidad. Para eliminar todos los datos personales almacenados, también puede eliminar su usuario desde el área privada de la aplicación. <br /><br /> \r\n<u> Medidas de seguridad </u> <br /> AT+ ha adoptado las medidas técnicas y organizativas necesarias para garantizar la seguridad de los datos personales y evitar su alteración, pérdida, tratamiento o acceso no autorizado, teniendo en cuenta el estado de la tecnología, la naturaleza de los datos almacenados y los riesgos a los que están expuestos. <br /><br /> \r\n<u> Modificación de la política de privacidad </u> <br /> AT+ se reserva el derecho de modificar la presente política para adaptarla a novedades legislativas o jurisprudenciales, así como a prácticas del sector. </p>  \r\n<p>PROPIEDAD INTELECTUAL E INDUSTRIAL: JOCOMUNICO por sí misma o como cesionaria, es titular de todos los derechos de propiedad intelectual e industrial de la página web, así como de los elementos que contiene (a título enunciativo, imágenes, sonido, audio, vídeo, software o textos; marcas o logotipos, combinaciones de colores, estructura y diseño, selección de materiales usados, programas de ordenador necesarios para su funcionamiento, acceso y uso, etc.), titularidad de JOCOMUNICO. Todos los derechos reservados. En virtud de lo dispuesto en los artículos 8 y 32.1, párrafo segundo, de la Ley de Propiedad Intelectual, quedan expresamente prohibidas la reproducción, la distribución y la comunicación pública, incluida su modalidad de puesta a disposición, de la totalidad o parte de los contenidos de esta página web, con fines comerciales, en cualquier soporte y por cualquier medio técnico, sin la autorización de JOCOMUNICO. El USUARIO se compromete a respetar los derechos de Propiedad Intelectual e Industrial titularidad de JOCOMUNICO. Podrá visualizar los elementos del portal e incluso imprimirlos, copiarlos y almacenarlos en el disco duro del ordenador o en cualquier otro soporte físico siempre que sea, única y exclusivamente, para su uso personal y privado. El USUARIO deberá abstenerse de suprimir, alterar, eludir o manipular cualquier dispositivo de protección o sistema de seguridad que estuviera instalado en las páginas de JOCOMUNICO.</p> \r\n<p>EXCLUSIÓN DE GARANTÍAS Y RESPONSABILIDAD: JOCOMUNICO no se hace responsable, en ningún caso, de los daños y perjuicios de cualquier naturaleza que pudieran ocasionar, a título enunciativo: errores u omisiones en los contenidos, falta de disponibilidad del portal o la transmisión de virus o programas maliciosos o lesivos en los contenidos, a pesar de haber adoptado todas las medidas tecnológicas necesarias para evitarlo.</p> \r\n<p>MODIFICACIONES: JOCOMUNICO se reserva el derecho de efectuar sin previo aviso las modificaciones que considere oportunas en el portal, pudiendo cambiar, suprimir o añadir tanto los contenidos y servicios que se presten como la forma en la que estos aparezcan presentados o localizados en el portal.</p> \r\n<p>ENLACES: En el caso de que en nombre del dominio se dispusieran enlaces o hipervínculos hacia otros sitios de Internet, JOCOMUNICO no ejercerá ningún tipo de control sobre dichos sitios y contenidos. En ningún caso JOCOMUNICO asumirá responsabilidad alguna por los contenidos de algún enlace perteneciente a un sitio web ajeno, ni garantizará la disponibilidad técnica, calidad, fiabilidad, exactitud, amplitud, veracidad, validez y constitucionalidad de cualquier material o información contenida en ninguno de dichos hipervínculos u otros sitios de Internet. Igualmente la inclusión de estas conexiones externas no implicará ningún tipo de asociación, fusión o participación con las entidades conectadas.</p> \r\n<p>DERECHO DE EXCLUSIÓN: JOCOMUNICO se reserva el derecho a denegar o retirar el acceso al portal y/o los servicios ofrecidos sin necesidad de preaviso, a instancia propia o de un tercero, a aquellos usuarios que incumplan las presentes Condiciones Generales de Uso.</p> \r\n<p> GENERALIDADES:</p> \r\n<p>JOCOMUNICO perseguirá el incumplimiento de las presentes condiciones así como cualquier utilización indebida del portal ejerciendo todas las acciones civiles y penales que le puedan corresponder en derecho.</p> \r\n<p> MODIFICACIÓN DE LAS PRESENTES CONDICIONES Y DURACIÓN:</p> \r\n<p>JOCOMUNICO podrá modificar en cualquier momento las condiciones aquí determinadas, siendo debidamente publicadas como aquí aparecen. La vigencia de las citadas condiciones irá en función de su exposición y estarán vigentes hasta que sean modificadas por otras debidamente publicadas.</p> \r\n<p> LEGISLACIÓN APLICABLE Y JURISDICCIÓN:</p> \r\n<p>La relación entre JOCOMUNICO y el USUARIO se regirá por la normativa española vigente y cualquier controversia se someterá a los Juzgados y tribunales de la ciudad de Barcelona.</p>' WHERE `Content`.`idString` = 5007 AND `Content`.`tagString` = 'contentprivacy' AND `Content`.`ID_CLanguage` = 3;
