{"ID_Board":["3332","3333","3334","3335","3336","3337","3338","3339","3340","3341","3342","3343","3344","3345","3346","3347","3348","3349","3350","3351","3352","3353","3354","3355","3356","3357","3358","3359","3360","3361","3362","3363","3364","3365","3366","3367","3368","3369","3370","3371","3372","3373","3374","3375","3376","3377","3378","3379","3380","3381","3382","3383","3384","3385","3386","3387","3388","3389","3390","3391","3392","3393","3394","3395","3396","3397","3398","3399","3400","3401","3402","3403","3404","3405","3406","3407","3408","3409","3410","3411","3412","3413","3414","3415","3416","3417","3418","3419","3420","3421","3422","3423","3424","3425","3426","3427","3428","3429","3430","3431","3432","3433","3434","3435"],"ID_GBBoard":["3009","3009","3009","3009","3009","3009","3009","3009","3009","3009","3009","3009","3009","3009","3009","3009","3009","3009","3009","3009","3009","3009","3009","3009","3009","3009","3009","3009","3009","3009","3009","3009","3009","3009","3009","3009","3009","3009","3009","3009","3009","3009","3009","3009","3009","3009","3009","3009","3009","3010","3010","3010","3010","3010","3010","3010","3010","3010","3010","3010","3010","3010","3010","3010","3010","3010","3010","3010","3010","3010","3010","3010","3010","3010","3010","3010","3010","3010","3010","3010","3010","3010","3010","3010","3010","3010","3010","3010","3010","3010","3010","3010","3010","3010","3010","3010","3010","3010","3010","3010","3010","3010","3010","3010"],"primaryboard":["1","0","0","0","0","0","0","0","0","0","0","0","0","0","0","0","0","0","0","0","0","0","0","0","0","0","0","0","0","0","0","0","0","0","0","0","0","0","0","0","0","0","0","0","0","0","0","0","0","1","0","0","0","0","0","0","0","0","0","0","0","0","0","0","0","0","0","0","0","0","0","0","0","0","0","0","0","0","0","0","0","0","0","0","0","0","0","0","0","0","0","0","0","0","0","0","0","0","0","0","0","0","0","0"],"Bname":["INICIO","PERSONAS","EXPRESIONES","ANIMALES Y PLANTAS","ACTIVIDADES Y FIESTAS","PREGUNTAS Y PART\u00cdCULAS","VERBOS","ATRIBUTOS","LUGARES","OBJETOS","TRANSPORTES","CUERPO, HIGIENE Y SALUD","ROPA Y COMPLEMENTOS","ALIMENTOS Y BEBIDAS","TIEMPO","JUEGOS Y DEPORTES","COLOR, FORMA Y TAMA\u00d1O","APARATOS Y MUEBLES","ESPACIO","MONOGR\u00c1FICOS","EXPRESIONES 2","PERSONAS 2","MONOGR\u00c1FICO 1","MONOGR\u00c1FICO 2","MONOGR\u00c1FICO 3","MONOGR\u00c1FICO 4","MONOGR\u00c1FICO 5","MONOGR\u00c1FICO 6","MONOGR\u00c1FICO 7","MONOGR\u00c1FICO 8","ANIMALES Y PLANTAS 2","ATRIBUTOS 2","SENSACIONES Y SENTIMIENTOS","CUERPO, HIGIENE Y SALUD 2","ROPA Y COMPLEMENTOS 2","ALIMENTOS Y BEBIDAS 2","ALIMENTOS Y BEBIDAS 3","OBJETOS 2","OBJETOS 3","COLOR, FORMA Y TAMA\u00d1O 2","TIEMPO 2","LUGARES 2","ACTIVIDADES Y FIESTAS 2","TECLADO","SOBRE M\u00cd","SOBRE TI","VERBOS 2","VERBOS 3","VERBOS 4","INICIO","CONVERSACI\u00d3N R\u00c1PIDA","MONOGR\u00c1FICOS","M\u00c1S ADJETIVOS","M\u00c1S VERBOS","M\u00c1S PART\u00cdCULAS","M\u00c1S PERSONAS","M\u00c1S VERBOS 2","SOBRE TI","MONOGR\u00c1FICO 1","MONOGR\u00c1FICO 3","MONOGR\u00c1FICO 4","MONOGR\u00c1FICO 5","MONOGR\u00c1FICO 6","MONOGR\u00c1FICO 7","MONOGR\u00c1FICO 2","MONOGR\u00c1FICO 8","MONOGR\u00c1FICO 9","ANIMALES","ANIMALES 2","ANIMALES 3","CUERPO, HIGIENE Y SALUD","CUERPO, HIGIENE Y SALUD 2","ROPA Y COMPLEMENTOS","ROPA Y COMPLEMENTOS 2","ROPA Y COMPLEMENTOS 3","ALIMENTOS Y BEBIDAS","ALIMENTOS Y BEBIDAS 2","ALIMENTOS Y BEBIDAS 3","ALIMENTOS Y BEBIDAS 4","APARATOS Y MUEBLES","APARATOS Y MUEBLES 2","TRANSPORTES","TRANSPORTES 2","ESPACIO","OBJETOS","OBJETOS 2","OBJETOS 3","OBJETOS 4","JUEGOS Y DEPORTES","JUEGOS Y DEPORTES 2","ACTIVIDADES Y FIESTAS","ACTIVIDADES Y FIESTAS 2","SENSACIONES Y SENTIMIENTOS","COLOR, FORMA Y TAMA\u00d1O","COLOR, FORMA Y TAMA\u00d1O 2","TIEMPO","TIEMPO 2","TIEMPO 3","LUGARES","LUGARES 2","LUGARES 3","LUGARES 4","TECLADO","SOBRE M\u00cd"],"width":["8","8","8","8","8","8","8","8","8","8","8","8","8","8","8","8","8","8","8","8","8","8","8","8","8","8","8","8","8","8","8","6","6","6","6","6","6","8","8","8","8","8","8","10","8","8","8","8","8","9","9","9","9","9","9","9","9","9","9","9","9","9","9","9","9","9","9","9","9","9","9","9","9","9","9","9","9","9","9","9","9","9","9","9","9","9","9","9","9","9","9","9","9","9","9","9","9","9","9","9","9","9","10","8"],"height":["5","4","4","4","4","4","4","4","4","4","4","4","4","5","4","4","4","4","4","4","4","4","4","4","4","4","4","4","4","4","4","5","5","5","5","5","5","4","4","4","4","4","4","5","4","4","4","4","4","6","6","6","6","6","6","6","6","6","6","6","6","6","6","6","6","6","6","6","6","6","6","6","6","6","6","6","6","6","6","6","6","6","6","6","6","6","6","6","6","6","6","6","6","6","6","6","6","6","6","6","6","6","5","4"],"autoReturn":["0","0","0","0","0","0","0","0","0","0","0","0","0","0","0","0","0","0","0","0","0","0","0","0","0","0","0","0","0","0","0","0","0","0","0","0","0","0","0","0","0","0","0","0","0","0","0","0","0","0","0","0","0","0","0","0","0","0","0","0","0","0","0","0","0","0","0","0","0","0","0","0","0","0","0","0","0","0","0","0","0","0","0","0","0","0","0","0","0","0","0","0","0","0","0","0","0","0","0","0","0","0","0","0"],"autoReadSentence":["0","0","0","0","0","0","0","0","0","0","0","0","0","0","0","0","0","0","0","0","0","0","0","0","0","0","0","0","0","0","0","0","0","0","0","0","0","0","0","0","0","0","0","0","0","0","0","0","0","0","0","0","0","0","0","0","0","0","0","0","0","0","0","0","0","0","0","0","0","0","0","0","0","0","0","0","0","0","0","0","0","0","0","0","0","0","0","0","0","0","0","0","0","0","0","0","0","0","0","0","0","0","0","0"]}