{"patternid":["247","248","249","250","251","252","253","254","255","256","257"],"verbid":["2185","2186","2187","2187","2188","2189","2190","2191","2192","2193","2201"],"pronominal":["0","0","0","0","1","0","0","0","1","0","0"],"pseudoimpersonal":["0","0","0","0","0","0","0","0","0","0","0"],"copulatiu":["0","0","0","0","0","0","0","0","0","0","0"],"tipusfrase":["enunciativa","enunciativa","enunciativa","enunciativa","enunciativa","enunciativa","enunciativa","enunciativa","enunciativa","enunciativa","enunciativa"],"defaulttense":["present","present","present","present","present","present","present","present","present","present","present"],"verbpeticio":[null,null,null,null,null,null,null,null,null,null,null],"subj":["human","human","animate","animate","human","human","human","animate","animate","animate","human"],"subjdef":["1","1","1","1","1","1","1","1","1","1","1"],"theme":["opt","opt","","","","opt","","","opt","opt","opt"],"themetipus":["objecte","menjar","","","","objecte","","","cos","inanimate","noun"],"themedef":["","","","","","","","","","",""],"themeprep":["","","","","","","","","","a",""],"themeart":[null,null,null,null,null,null,null,null,null,null,null],"receiver":["","","","","","","1","1","1","1",""],"receiverdef":["","","","","","","t\u00fa","t\u00fa","m\u00ed","t\u00fa",""],"receiverprep":["","","","","","","a","","a","a",""],"benef":["","opt","","","","","","","","",""],"beneftipus":["","animate","","","","","","","","",""],"benefdef":[null,null,null,null,null,null,null,null,null,null,null],"benefprep":["","para","","","","","","","","",""],"acomp":["","","","","","","","","","",""],"acompdef":[null,null,null,null,null,null,null,null,null,null,null],"acompprep":["","","","","","","","","","",""],"tool":["","","","","","","","","","","opt"],"tooldef":[null,null,null,null,null,null,null,null,null,null,null],"toolprep":["","","","","","","","","","","con"],"manera":null,"maneradef":null,"maneratipus":null,"locto":["opt","opt","1","1","opt","","","opt","","","opt"],"loctotipus":["noun","lloc","lloc","verb","lloc","","","lloc","","","lloc"],"loctodef":[null,null,null,null,null,null,null,null,null,null,null],"loctoprep":["en","en","a","de","en","","","en","","","en"],"locfrom":[null,null,null,null,null,null,null,null,null,null,null],"locfromtipus":[null,null,null,null,null,null,null,null,null,null,null],"locfromdef":[null,null,null,null,null,null,null,null,null,null,null],"locfromprep":[null,null,null,null,null,null,null,null,null,null,null],"locat":[null,null,null,null,null,null,null,null,null,null,null],"locatdef":[null,null,null,null,null,null,null,null,null,null,null],"locatprep":[null,null,null,null,null,null,null,null,null,null,null],"time":[null,null,null,null,null,null,null,null,null,null,null],"expressio":[null,null,null,null,null,null,null,null,null,null,null],"subverb":["0","0","0","1","0","0","0","0","0","0","0"],"exemple":["","","","","","","","","","",""]}