{"pictoid":["2020","2021","2022","2023","2024","2025","2026","2027","2028","2029","2030","2031","2032","2033","2034","2035","2036","2037","2038","2039","2040","2041","2042","2043","2044","2045","2046","2047","2048","2049","2050","2051","2052","2053","2054","2055","2056","2057","2058","2059","2060","2061","2062","2063","2064","2065","2066","2067","2068","2069","2070","2071","2072","2073","2074","2075","2076","2077","2078","2079","2080","2081","2082","2083","2084","2085","2086","2087","2088","2089","2090","2091","2092","2093","2094","2095","2096","2097","2098","2099","2100","2101","2102","2103","2104","2105","2106","2107","2108","2109","2110","2111","2112","2113","2114","2115","2116","2117","2118","2119","2120","2121","2122","2123","2124","2125","2126","2127","2128","2129","2130","2131","2132","2133","2134","2135","2136","2137","2138","2139","2140","2141","2142","2143","2144","2145","2146","2147","2148","2149","2150","2151","2152","2153","2154","2155","2156","2157","2158","2159","2160","2161","2162","2163","2164","2165","2166","2167","2168","2169","2170","2171","2172","2173","2174","2175","2176","2177","2178","2179","2180","2181","2182","2183","2184","2185","2186","2187","2188","2189","2190","2191","2192","2193","2194","2195","2196","2197","2198","2199","2200","2201","2202","2203","2204"],"ID_PUser":["3","3","3","3","3","3","3","3","3","3","3","3","3","3","3","3","3","3","3","3","3","3","3","3","3","3","3","3","3","3","3","3","3","3","3","3","3","3","3","3","3","3","3","3","3","3","3","3","3","3","3","3","3","3","3","3","3","3","3","3","3","3","3","3","3","3","3","3","3","3","3","3","3","3","3","3","3","3","3","3","3","3","3","3","3","3","3","3","3","3","3","3","3","3","3","3","3","3","3","3","3","3","3","3","3","3","3","3","3","3","3","3","3","3","3","3","3","3","3","3","3","3","3","3","3","3","3","3","3","3","3","3","3","3","3","3","3","3","3","3","3","3","3","3","3","3","3","3","3","3","3","3","3","3","3","3","3","3","3","3","3","3","3","3","3","3","3","3","3","3","3","3","3","3","3","3","3","3","3","3","3","3","3","3","3"],"pictoType":["name","name","name","name","name","name","name","name","name","name","name","name","name","name","name","name","name","name","name","name","name","name","name","name","name","name","name","name","name","name","name","name","name","name","name","name","name","name","name","name","name","name","name","name","name","name","name","name","name","name","name","name","name","name","name","name","name","name","name","name","name","name","name","name","name","name","name","name","name","name","name","name","name","name","name","name","name","name","name","name","name","name","name","name","name","name","name","name","name","name","name","name","name","name","name","name","name","name","name","name","name","name","name","name","name","name","name","name","adj","name","name","name","name","name","name","name","name","name","name","name","name","name","name","name","name","name","name","name","name","name","name","name","name","name","name","name","name","name","name","name","name","name","name","name","name","adj","name","name","name","name","name","name","name","name","name","name","name","name","name","name","name","name","name","name","name","verb","verb","verb","verb","verb","verb","verb","verb","verb","name","name","name","name","name","name","name","verb","adj","adj","adj"],"supportsExpansion":["1","1","1","1","1","1","0","1","1","1","1","1","1","1","1","1","1","1","1","1","1","1","1","1","1","1","1","1","1","1","1","1","1","1","1","1","1","1","1","1","1","1","1","1","1","1","1","1","1","1","1","1","1","1","1","1","1","1","1","1","1","1","1","1","1","1","1","1","1","1","1","1","1","0","1","1","1","1","1","1","1","1","1","1","0","1","1","1","1","1","1","1","1","1","1","1","1","1","1","0","0","0","0","0","0","0","0","0","1","1","1","1","1","1","1","1","1","1","1","1","1","1","1","1","1","1","1","1","1","0","0","0","0","1","0","0","1","1","1","1","1","1","1","1","1","1","0","0","0","0","0","0","0","0","0","0","0","0","0","0","0","0","0","0","0","1","1","1","1","1","1","1","1","1","1","1","1","1","1","1","0","1","1","1","1"],"imgPicto":["35e544d66dafdb1cfc58bcf5f600b1c1.png","528e2c61ef30a855b0a2750ffed0ca74.png","ded14f3fccef1ae68b65d4f17de433dd.png","98f119cd9b8a4d1337be17cfea11e9ae.png","2ba8812195f8d9133711ee0ba20b0c2c.png","68cfaa23e2269d0249f3c1690e63ce52.png","b210ac3118ca38f3851352f8635291e9.png","3f4cb3c09cb6e20f213695f5422fcc4c.png","d0b1a2c66634ac8b0bb8524c978c49c2.png","7f2acbf753763bd523347fdd4e82ca7f.png","a6babaff167393f2fdf61e0d8c790b20.png","ed67ca8ab0bd682a95a300c794558f22.png","e9cb03394b1a1cc3d7c65ca1fcd15aff.png","d6d058eac8ee6876b91bf12376a87006.png","366635c8c6843b94f4181f4496f7690f.png","f587332249727c9d5cfb5c2bb0e648ca.png","d706d12794f06ceadeef71d53ec1ca54.png","4d350a5842feb79760586cb1e8825f93.png","5c7c70179952e2fc59ba4debe8e3581d.png","56147768d1b9d0044c9d5c372501eb23.png","bdf200d8f5433e59eb1ae8463c136bc4.png","d8af59076a1a59fc3b96e9f2aedb42b9.png","32582_500.png","a55de71d65333cf3a2c4ade18df7c928.png","8739d0139ce51865b6bb9b1d5b27e232.png","f2595d0a67da5198d2c7077718647eb2.png","b9ec2590b5c1f1dd64a391339ea879d4.png","578eb40d4cc00eda943c0e1d18f53ee3.png","1583d34ceb197339d7ee29c819be4e3b.png","b10f8f01da62f7620751ca5b7f66d42e.png","5cac9ad88c7a5b44a58d16bcf9044126.png","ab053a74e2ac0865bcec8e36ffeabd57.png","8c67d847cd8110efaf93f9ae167fc13a.png","dc9dfe8509fb8eae435cd49017d6f8ba.png","c93b1c327076dbc806f4384990cf3f9a.png","7de07d2b839b433cbbca880da8e8ef6b.png","138095ebcd35d3ad070ec9bb18215f2b.png","7b118d9c0d39c7270b38af6624b41bf4.png","62d000204edc9b6b392909015e7b8545.png","adef1fadc7345d1d0f17b20bc20915d8.png","a2d6307e3e2d1113fa8130a4b0b248e5.png","ea1eac6d3919fe2b2b71f4ed782b7796.png","abb0a02cfe934e395463a89c3c9bb1c7.png","1333f167ecfc2e43f569928a7c23efb9.png","7d3841065828f9eaac315356478b31e3.png","c08f77110106d3cd2791c64a9c978071.png","2f9242241dae1ee6ef83d98a92d1103b.png","d0d9acf4d0879a52f890b418e995f905.png","03c4c4998be666a83ec558f9ce4b2ff4.png","f37c222c3a6a414cd9875879f5ad7726.png","dd5d57220384824d5fcc2b68401a827e.png","f962373be3799af91e9049126f5ef8af.png","d96497d1c64a7799bcf058ce3c2304cb.png","2a57796158e876ce057ef02d893299bf.png","f3641eed6c235bbd256a0e977f400e4f.png","2d9c430e34f77a9b833ae826a821facc.png","7a133bb673547058b6c8864d2d33bc7e.png","9325c7e8275590b78c7de4c9d64314c4.png","58e225edb19c7069246397ee36bf0708.png","5a73623bfaa1aec21d7052f8bccc659d.png","a6dbceda03d55b3d116c23bdb5bb4271.png","377895f5102df0927e70d57184221457.png","332e1c4392e10f47a4fcc9bf5471a563.png","e613cf96d1709c11edfe16c628d85404.png","1b331004dda23997d67ff035cfd87123.png","57865fe192fbf7d3535e8d07a0ab48cb.png","4dde81387cfb54a2fb8252d175b74693.png","2190d0ef7218b07c56b8cc2c02e0e186.png","ac299eaf56ccb504fb60ec72ac337de1.png","79371b0ac040d9f477a8c6d12d2454b6.png","7216d5d151976642a50bd3c67beb7869.png","6b33804254a891a44fa9f10b0082ec9d.png","97263573b0e1b5f252f2393a4e2f1798.png","0e7ba2411d21dbeceff4c372d6808fc3.png","513c7e19a8af77afa6e7db8c9b0c108b.png","2f6ba08e9438d226e5339fe8a0b48712.png","ea8a5b764b2d29e3f82fba1c7d5fd2c5.png","edac070d5c7b6cac829fb8ccb008eb9e.png","1b83d5d75207b0f2f190e37d77ba8dc7.png","a55891a2e5827de8fcceeda09d632593.png","a91970f07080bd3958695d80fad0e321.png","cf433631edb375b0de4f62a8594a10c6.png","fabb085d4332d961f7c445db0ef587a9.png","22b191f7649a79d8e5813a05f913a6fe.png","b0a1aa420df8baad7064440fbec794eb.png","9ce438e1b588f2fc080a63c897bb9fad.png","753f63e33bf44827cab27f07c6786ccf.png","434af0b72f3526bd1a867b7ae3f690c3.png","de495b6651e0e20dddddfb66a2bda313.png","ebcd9cfaa22d938d40fe867855b66a4f.png","dfb74df8ae60703c2d03165895d1ee6b.png","989b0191929f15ca7af739fbf800cbc3.png","14c76cc39058e3231ee209a93265d219.png","b77efbd8bc50bf7a9c1d84bc8d0cff6a.png","0498e4be5d4ee3ae1a8a11ce960184a3.png","6a3c467302a6a7c9ed9b451f2fb4d9a8.png","6940b60f505cd5b7dcf51aace81911b1.png","dab173cc11a34f85af6d57c5f88e5815.png","dd1532c2ddf42a753c46202b1a4ed010.png","b60c923cdee7de14af60b8b1b28e1d78.png","7afad566e38c479275d99a18a37c83d0.png","36498082c50646ea2132db2075af0fb8.png","2c12eb3a146fcdfb17d6ddfc069a037b.png","d336503500fc9261e373289d94561f03.png","6901_500.png","22ab1b2d64fa4603a89b05c6ae62de8f.png","3c3434a2f939f812eba5c310eeb01df5.png","fcb2f401ded6bc2edf85e221363735d8.png","cf4d783cee4519c4b5cfbd3fdac68852.png","0f346c6306bd9c987e56217968e7d827.png","9cdf3519587b60c480c8dd271eb8831e.png","16fa45c89f25ef2ae26b5b58669a5044.png","1304185f9a706092581f47109c44ec64.png","2ba8812195f8d9133711ee0ba20b0c2c.png","011a96f303cf64c009f77663631b04e0.png","ef94c5b2b83ab4d58ef2394928d0ccca.png","b543a1ffc2065e67dfa1029d0147d193.png","ef258d06b690bf5e431eccf4afc331f3.png","944e66829116c4955603662e6efceb74.png","c9b1b47d8d8f5c093ac67a057bbc216e.png","9a7ef9d4eaa5669b4034b24c19f6004c.png","a72b6ff824f74d09928878239713978e.png","713aa3c78d55c235daba0023c10675ac.png","64875225b4fdd2a0b90eee0ce7b501c4.png","c79b039802ee3ce0188de6bc69c3e9ac.png","f8a1e9fc760224e4ef8bcc655c02e82b.png","04bf8d13385c9f23f137b564bacf74a3.png","865bfa1008dfab99db5bc1babce26386.png","8ea60025d4110ad07da3e0bf93d2ae83.png","8c8fa5bad47e17038deecb56f15cd7fb.png","f394ac7a0aa41a2e9e516582ca3abd0d.png","fadd4bb21946fb8166350696e95add93.png","707781b311df7868975db08a6175b5f5.png","8e2f6a9eeb51bb85985a4663b16e51df.png","82dfcab8197ef8f116e4254dee065c99.png","d1590d31e3abfe2dc3d74c7feb865541.png","ec2facaa6216bac8dddc457cadc48b03.png","f7721d5cdb671c257c4b1657e9073543.png","f96d2af219c4c3fe1a0bcd9b30fa31b5.png","fffdad55931962beb541c4ff53d7da0f.png","09069140e61a1506c534a1c8f640cd92.png","fec2d28829258023837456747f624103.png","03324ebdf22836d0fdee80e12cf8ae58.png","200f812a61bc449bbad5a224f218b591.png","40cbfea8d2ea0f929eef04f24a66d8b5.png","37e6ffbf7d421b59722ca886f5362626.png","fc2c727d35c01dcf67db7bdb2c7741ec.png","26a7abf3cb202d6058b3d5b4bdfb8420.png","f00de23b53e923b01d9f714f222352b4.png","8a221cb1bcefaa9c59e9c74afa94ea66.png","e1fa0f64ab2a8dfdb74fdf7c7eda21f9.png","9ade685ecb3a3d582f8806d65070cad1.png","2534632127e8ef74c3a647f6787aa5b4.png","303387b5fe7bff168fc1c3a823a7f94c.png","390f4597ef6655d75b9d45bca5d2a7e3.png","a427cceac305f977947cc02ad9037205.png","c6dac52f3174d5f54a7d8684fe624fb8.png","1962774fc757a2f574879e1ed01942aa.png","80417d2d804e1a4f86a855c79106196b.png","af293f0e8a445ca35b775b2f8ad41178.png","8591a7c22657da69aa9d0bcc70cd61c4.png","b8b315411d6e2cd3b6d82a7517cb0f2d.png","6d25141704d2b9891a7c9eabe6dbd732.png","937db0306d172746502f84ab105f9eeb.png","be6ca3161638a24e6f9755d347ce8d54.png","eab43b82fc5feb9b6d13f003a6ca23ae.png","00fbaff51b5c230d1301e150bf319dd4.png","ad5cb856dfae1a33725d2702ad081623.png","3afb866ff5d8a4305da3ff303d1b58f0.png","023f648eeb83ef201238e69cd58c03e9.png","fdd4113a6ea48bd7d25dc8286df3ad9e.png","181961e094cd35ed2939a3d3624b17a6.png","11d88e880d039a7dd5dbffab128f35e3.png","4d9bfeacd59f4fc07433576e31142337.png","04731762ebf98faaf70c53f2af727640.png","c6f95dc0d3a7347d46929799956147f5.png","a85a766139da1a3556fc09fa686c68b6.png","9649cbb56677c383cb7c884bd62eed8a.png","b60c923cdee7de14af60b8b1b28e1d78.png","2aaf014f50bced922449818df6ef682c.png","588bd593ff7a73535efb372abf7afead.png","8a277efbe7496cec694b17a0c3b31afe.png","f002d563e45b3a30af77658c6af21a3b.png","871a8e40e15ef6c91cde224194d97159.png","c4e7ef5aa4f2b1fc48710df83439c3d8.png"],"imgFolder":["img\/users\/","img\/users\/","img\/pictos\/","img\/pictos\/","img\/pictos\/","img\/pictos\/","img\/pictos\/","img\/pictos\/","img\/pictos\/","img\/pictos\/","img\/pictos\/","img\/pictos\/","img\/pictos\/","img\/pictos\/","img\/pictos\/","img\/pictos\/","img\/pictos\/","img\/users\/","img\/pictos\/","img\/pictos\/","img\/pictos\/","img\/users\/","img\/users\/","img\/pictos\/","img\/pictos\/","img\/pictos\/","img\/pictos\/","img\/pictos\/","img\/pictos\/","img\/pictos\/","img\/pictos\/","img\/pictos\/","img\/pictos\/","img\/pictos\/","img\/pictos\/","img\/pictos\/","img\/pictos\/","img\/pictos\/","img\/pictos\/","img\/pictos\/","img\/pictos\/","img\/pictos\/","img\/pictos\/","img\/pictos\/","img\/pictos\/","img\/pictos\/","img\/pictos\/","img\/pictos\/","img\/pictos\/","img\/pictos\/","img\/pictos\/","img\/pictos\/","img\/pictos\/","img\/pictos\/","img\/pictos\/","img\/pictos\/","img\/pictos\/","img\/pictos\/","img\/pictos\/","img\/pictos\/","img\/pictos\/","img\/pictos\/","img\/pictos\/","img\/pictos\/","img\/pictos\/","img\/pictos\/","img\/pictos\/","img\/pictos\/","img\/pictos\/","img\/pictos\/","img\/pictos\/","img\/pictos\/","img\/pictos\/","img\/users\/","img\/pictos\/","img\/pictos\/","img\/pictos\/","img\/pictos\/","img\/pictos\/","img\/pictos\/","img\/pictos\/","img\/pictos\/","img\/pictos\/","img\/pictos\/","img\/pictos\/","img\/pictos\/","img\/pictos\/","img\/pictos\/","img\/pictos\/","img\/pictos\/","img\/pictos\/","img\/pictos\/","img\/pictos\/","img\/pictos\/","img\/pictos\/","img\/pictos\/","img\/pictos\/","img\/pictos\/","img\/pictos\/","img\/pictos\/","img\/pictos\/","img\/pictos\/","img\/pictos\/","img\/users\/","img\/users\/","img\/pictos\/","img\/pictos\/","img\/pictos\/","img\/pictos\/","img\/pictos\/","img\/pictos\/","img\/pictos\/","img\/users\/","img\/pictos\/","img\/pictos\/","img\/pictos\/","img\/pictos\/","img\/pictos\/","img\/pictos\/","img\/pictos\/","img\/pictos\/","img\/pictos\/","img\/pictos\/","img\/pictos\/","img\/pictos\/","img\/pictos\/","img\/users\/","img\/pictos\/","img\/pictos\/","img\/pictos\/","img\/pictos\/","img\/pictos\/","img\/pictos\/","img\/pictos\/","img\/pictos\/","img\/pictos\/","img\/pictos\/","img\/pictos\/","img\/pictos\/","img\/pictos\/","img\/users\/","img\/pictos\/","img\/pictos\/","img\/pictos\/","img\/pictos\/","img\/pictos\/","img\/pictos\/","img\/pictos\/","img\/pictos\/","img\/pictos\/","img\/pictos\/","img\/pictos\/","img\/pictos\/","img\/pictos\/","img\/pictos\/","img\/pictos\/","img\/pictos\/","img\/pictos\/","img\/pictos\/","img\/pictos\/","img\/pictos\/","img\/pictos\/","img\/pictos\/","img\/pictos\/","img\/pictos\/","img\/pictos\/","img\/pictos\/","img\/pictos\/","img\/pictos\/","img\/pictos\/","img\/pictos\/","img\/pictos\/","img\/pictos\/","img\/pictos\/","img\/users\/","img\/pictos\/","img\/pictos\/","img\/pictos\/","img\/pictos\/","img\/users\/","img\/users\/","img\/pictos\/","img\/pictos\/","img\/users\/","img\/pictos\/"]}