{"ID_RSHPSentencePicto":["19","20","21","22","23","24","25","26","27"],"ID_RSHPSentence":["17","18","19","20","20","21","22","23","24"],"pictoid":["1463","1464","2135","215","1485","472","2099","2154","2201"],"isplural":["0","0","0","0","0","0","0","0","0"],"isfem":["0","0","0","0","0","0","0","0","0"],"coordinated":["0","0","0","0","0","0","0","0","0"],"ID_RSHPUser":["3","3","3","3","3","3","3","3","3"],"imgtemp":[null,null,null,null,"img\/pictos\/2f9f28cfa0a707dc80b53aeeedd3b4d9.png",null,null,null,null],"texttemp":[null,null,null,null,null,null,null,null,null]}