{"ID_SSentence":["31","32","33","34","35","36","37","38","39","40","41","42","43","44","45"],"ID_SSUser":["3","3","3","3","3","3","3","3","3","3","3","3","3","3","3"],"ID_SFolder":["3","3","3","3","3","3","3","3","3","3","3","3","3","3","3"],"inputWords":[null,null,null,null,null,null,null,null,null,null,null,null,null,null,null],"inputIds":[null,null,null,null,null,null,null,null,null,null,null,null,null,null,null],"posInFolder":["1","3","2","4","5","6","7","8","9","10","11","12","13","14","15"],"sentenceType":["defecte","defecte","defecte","defecte","defecte","defecte","defecte","defecte","defecte","defecte","defecte","defecte","defecte","defecte","defecte"],"isNegative":["0","0","0","0","0","0","0","0","0","0","0","0","0","0","0"],"sentenceTense":["defecte","defecte","defecte","defecte","defecte","defecte","defecte","defecte","defecte","defecte","defecte","defecte","defecte","defecte","defecte"],"sentenceDate":[null,null,null,null,null,null,null,null,null,null,null,null,null,null,null],"sentenceFinished":["0","0","0","0","0","0","0","0","0","0","0","0","0","0","0"],"intendedSentence":[null,null,null,null,null,null,null,null,null,null,null,null,null,null,null],"parseScore":[null,null,null,null,null,null,null,null,null,null,null,null,null,null,null],"parseString":[null,null,null,null,null,null,null,null,null,null,null,null,null,null,null],"generatorString":["Me llamo...","Tengo X a\u00f1os.","Mi cumplea\u00f1os es el d\u00eda...","Vivo en...","Voy a...","Me gusta...","Mi familia...","Tengo X animales.","Mis necesidades son...","En la tele veo...","No me gusta...","De m\u00fasica escucho...","Mi color favorito es el...","Mi deporte favorito es el...","Mi comida favorita es..."],"generatorScore":[null,null,null,null,null,null,null,null,null,null,null,null,null,null,null],"comments":[null,null,null,null,null,null,null,null,null,null,null,null,null,null,null],"userScore":[null,null,null,null,null,null,null,null,null,null,null,null,null,null,null],"isPreRec":["1","1","1","1","1","1","1","1","1","1","1","1","1","1","1"],"sPreRecText":["Me llamo...","Tengo X a\u00f1os.","Mi cumplea\u00f1os es el d\u00eda...","Vivo en...","Voy a...","Me gusta...","Mi familia...","Tengo X animales.","Mis necesidades son...","En la tele veo...","No me gusta...","De m\u00fasica escucho...","Mi color favorito es el...","Mi deporte favorito es el...","Mi comida favorita es..."],"sPreRecDate":["2023-09-18","2023-09-18","2023-09-18","2023-09-18","2023-09-18","2023-09-18","2023-09-18","2023-09-18","2023-09-18","2023-09-18","2023-09-18","2023-09-18","2023-09-18","2023-09-18","2023-09-18"],"sPreRecImg1":["img\/pictos\/f22caa661961c215efaa5ca3d5a25aa8.png","img\/users\/7072_500.png","img\/pictos\/98ac29b2b196596ff8852b49cb52e1aa.png","img\/pictos\/5ac600b2e830b98ed3b086311c480682.png","img\/pictos\/b210ac3118ca38f3851352f8635291e9.png","img\/pictos\/2a90b92027f42d12077be0bb8823a748.png","img\/pictos\/22ab1b2d64fa4603a89b05c6ae62de8f.png","img\/users\/6901_500.png","img\/pictos\/ayudar.png","img\/pictos\/9ed8a8240cbe5519ec908131d15a7b1d.png","img\/pictos\/2c12eb3a146fcdfb17d6ddfc069a037b.png","img\/pictos\/musica_2.png","img\/pictos\/colores.png","img\/pictos\/deporte.png","img\/pictos\/alimentos_y_bebida.png"],"sPreRecImg2":[null,null,null,null,null,null,null,null,null,null,null,null,null,null,null],"sPreRecImg3":[null,null,null,null,null,null,null,null,null,null,null,null,null,null,null],"sPreRecPath":[null,null,null,null,null,null,null,null,null,null,null,null,null,null,null],"isDeleted":["0","0","0","0","0","0","0","0","0","0","0","0","0","0","0"]}