{"ID_SU":"2","SUname":"CACEes","pswd":"dfc81fa9fadcc9295738f896c816fd8a","realname":"CACE","surnames":"ES","email":"c@c.com","cfgDefUser":"3","cfgIsFem":"0","cfgUsageMouseOneCTwoC":"0","cfgTimeClick":"1000","cfgExpansionOnOff":"1","cfgAutoEraseSentenceBar":"1","cfgPredOnOff":"1","cfgPredBarVertHor":"0","cfgPredBarNumPred":"5","cfgScanningOnOff":"0","cfgScanningCustomRowCol":"1","cfgScanningAutoOnOff":"0","cfgCancelScanOnOff":"1","cfgTimeScanning":"1000","cfgScanStartClick":"0","cfgScanOrderPred":"1","cfgScanOrderMenu":"2","cfgScanOrderPanel":"3","cfgScanColor":"FF0000","cfgMenuReadActive":"1","cfgMenuHomeActive":"1","cfgMenuDeleteLastActive":"1","cfgMenuDeleteAllActive":"1","cfgSentenceBarUpDown":"0","cfgBgColorPanel":"3","cfgBgColorPred":"6","cfgTextInCell":"1","cfgUserExpansionFeedback":"0","cfgHistOnOff":"1","cfgBlackOnWhiteVSWhiteOnBlack":"0","cfgTimeLapseSelectOnOff":"0","cfgTimeLapseSelect":"1500","cfgTimeNoRepeatedClickOnOff":"0","cfgTimeNoRepeatedClick":"300","UserValidated":"2","insertDate":"2023-09-20","cfgMenuCopyClipboard":"0","cfgMenuCopyTxtImgClipboard":"0","cfgCellWithBorder":"0","cfgTxtRdngBarOnOff":"1","cfgMenuDeleteSelectedPicto":"0","cfgMenuBlock":"0"}